player_id,player_name,position,training_load_hours,workload_ratio,intensity_avg,recovery_score,fatigue_level,avg_load_4week,injury_occurred
1,LeBron James,SF,11.56,0.9914236706689538,0.92,0.91,0.48,11.5600000000000000,0
1,LeBron James,SF,8.7,0.7461406518010291,0.82,0.82,0.62,10.1300000000000000,0
1,LeBron James,SF,11.15,1.2670454545454548,0.78,0.82,0.83,10.4700000000000000,0
1,LeBron James,SF,10.1,0.8977777777777778,0.64,0.83,0.53,10.3775000000000000,0
1,LeBron James,SF,12.02,1.1784313725490196,0.62,0.70,0.45,10.4925000000000000,0
1,LeBron James,SF,8.47,0.698844884488449,0.91,0.85,0.63,10.4350000000000000,0
1,LeBron James,SF,10.68,1.246207701283547,0.75,0.67,0.59,10.3175000000000000,0
1,LeBron James,SF,14.29,1.3256029684601114,0.90,0.67,0.48,11.3650000000000000,0
1,LeBron James,SF,9.13,0.634468380820014,0.61,0.50,0.20,10.6425000000000000,1
1,LeBron James,SF,8.35,0.9046587215601299,0.69,0.60,0.89,10.6125000000000000,0
1,LeBron James,SF,9.7,1.1479289940828403,0.66,0.44,0.66,10.3675000000000000,0
1,LeBron James,SF,10.01,1.0214285714285716,0.84,0.64,0.53,9.2975000000000000,0
1,LeBron James,SF,11.82,1.169139465875371,0.72,0.67,0.72,9.9700000000000000,0
1,LeBron James,SF,9.05,0.7592281879194631,0.91,0.86,0.78,10.1450000000000000,0
1,LeBron James,SF,10.44,1.1409836065573769,0.63,0.92,0.62,10.3300000000000000,0
1,LeBron James,SF,10.27,0.9743833017077799,0.74,0.42,0.48,10.3950000000000000,1
1,LeBron James,SF,3.68,0.5,0.74,0.45,0.52,8.3600000000000000,0
1,LeBron James,SF,11.45,2.0,0.60,0.89,0.58,8.9600000000000000,0
1,LeBron James,SF,11.47,0.9930735930735932,0.63,0.75,0.89,9.2175000000000000,0
1,LeBron James,SF,7.8,0.6741573033707865,0.79,0.93,0.60,8.6000000000000000,0
1,LeBron James,SF,8.09,1.0240506329113925,0.67,0.92,0.70,9.7025000000000000,0
1,LeBron James,SF,11.9,1.4529914529914532,0.79,0.88,0.48,9.8150000000000000,0
1,LeBron James,SF,9.95,0.8291666666666666,0.62,0.80,0.42,9.4350000000000000,0
1,LeBron James,SF,9.61,0.9562189054726369,0.88,0.44,0.28,9.8875000000000000,0
1,LeBron James,SF,12.04,1.239958805355304,0.67,0.74,0.59,10.8750000000000000,0
1,LeBron James,SF,10.42,0.8583196046128502,0.61,0.93,0.25,10.5050000000000000,0
1,LeBron James,SF,11.76,1.11787072243346,0.93,0.47,0.66,10.9575000000000000,1
1,LeBron James,SF,11.99,1.0109612141652615,0.88,0.73,0.31,11.5525000000000000,0
1,LeBron James,SF,11.81,0.9768403639371381,0.63,0.48,0.51,11.4950000000000000,0
1,LeBron James,SF,10.79,0.9059613769941225,0.61,0.83,0.51,11.5875000000000000,0
1,LeBron James,SF,9.8,0.8999081726354455,0.93,0.57,0.36,11.0975000000000000,0
1,LeBron James,SF,7.2,0.7272727272727273,0.67,0.79,0.31,9.9000000000000000,0
1,LeBron James,SF,10.58,1.4493150684931508,0.62,0.85,0.64,9.5925000000000000,0
1,LeBron James,SF,11.56,1.0823970037453183,0.94,0.84,0.36,9.7850000000000000,0
1,LeBron James,SF,11.34,0.9725557461406518,0.73,0.63,0.89,10.1700000000000000,1
1,LeBron James,SF,7.76,0.6783216783216783,0.67,0.66,0.21,10.3100000000000000,0
1,LeBron James,SF,5.74,0.7302798982188295,0.85,0.69,0.56,9.1000000000000000,0
1,LeBron James,SF,9.37,1.6044520547945205,0.79,0.68,0.28,8.5525000000000000,0
1,LeBron James,SF,7.9,0.8342133051742345,0.72,0.88,0.36,7.6925000000000000,0
1,LeBron James,SF,12.36,1.545,0.74,0.56,0.86,8.8425000000000000,0
1,LeBron James,SF,12.26,0.9839486356340289,0.76,0.47,0.48,10.4725000000000000,0
1,LeBron James,SF,13.11,1.0606796116504855,0.64,0.91,0.55,11.4075000000000000,0
1,LeBron James,SF,12.98,0.9825889477668434,0.80,0.44,0.45,12.6775000000000000,0
1,LeBron James,SF,8.9,0.6804281345565749,0.92,0.78,0.35,11.8125000000000000,0
1,LeBron James,SF,9.37,1.041111111111111,0.64,0.71,0.46,11.0900000000000000,1
1,LeBron James,SF,8.82,0.9313621964097151,0.78,0.40,0.89,10.0175000000000000,0
1,LeBron James,SF,8.75,0.9809417040358744,0.86,0.67,0.71,8.9600000000000000,0
1,LeBron James,SF,10.26,1.159322033898305,0.66,0.50,0.44,9.3000000000000000,1
1,LeBron James,SF,6.88,0.6640926640926641,0.84,0.86,0.44,8.6775000000000000,0
1,LeBron James,SF,7.73,1.1074498567335245,0.94,0.69,0.41,8.4050000000000000,0
1,LeBron James,SF,6.74,0.8607918263090677,0.85,0.60,0.82,7.9025000000000000,0
1,LeBron James,SF,9.39,1.3728070175438598,0.63,0.90,0.40,7.6850000000000000,0
2,Luka Doncic,SG,8.09,0.9877899877899878,0.81,0.75,0.88,8.0900000000000000,0
2,Luka Doncic,SG,8.66,1.0573870573870574,0.78,0.76,0.83,8.3750000000000000,0
2,Luka Doncic,SG,11.41,1.3025114155251143,0.74,0.93,0.25,9.3866666666666667,0
2,Luka Doncic,SG,7.93,0.6889661164205039,0.74,0.78,0.28,9.0225000000000000,0
2,Luka Doncic,SG,11.84,1.4744707347447075,0.88,0.93,0.57,9.9600000000000000,0
2,Luka Doncic,SG,8.27,0.6926298157453936,0.63,0.89,0.20,9.8625000000000000,0
2,Luka Doncic,SG,8.95,1.069295101553166,0.68,0.86,0.54,9.2475000000000000,0
2,Luka Doncic,SG,8.79,0.9712707182320443,0.72,0.45,0.56,9.4625000000000000,1
2,Luka Doncic,SG,11.78,1.3250843644544432,0.70,0.41,0.52,9.4475000000000000,0
2,Luka Doncic,SG,8.3,0.6986531986531987,0.78,0.73,0.54,9.4550000000000000,0
2,Luka Doncic,SG,10.73,1.2773809523809523,0.69,0.95,0.37,9.9000000000000000,0
2,Luka Doncic,SG,10.5,0.9695290858725761,0.64,0.90,0.23,10.3275000000000000,0
2,Luka Doncic,SG,7.41,0.6990566037735849,0.82,0.64,0.88,9.2350000000000000,0
2,Luka Doncic,SG,10.08,1.3422103861517976,0.76,0.75,0.57,9.6800000000000000,0
2,Luka Doncic,SG,8.47,0.8320235756385069,0.72,0.69,0.54,9.1150000000000000,0
2,Luka Doncic,SG,10.81,1.2613768961493583,0.87,0.75,0.75,9.1925000000000000,0
2,Luka Doncic,SG,9.67,0.8863428047662695,0.71,0.49,0.85,9.7575000000000000,0
2,Luka Doncic,SG,7.73,0.7911975435005119,0.76,0.76,0.79,9.1700000000000000,1
2,Luka Doncic,SG,11.85,1.5134099616858236,0.61,0.70,0.77,10.0150000000000000,0
2,Luka Doncic,SG,7.64,0.6393305439330544,0.68,0.69,0.47,9.2225000000000000,0
2,Luka Doncic,SG,7.45,0.9625322997416021,0.78,0.72,0.39,8.6675000000000000,0
2,Luka Doncic,SG,10.8,1.4304635761589406,0.64,0.67,0.46,9.4350000000000000,0
2,Luka Doncic,SG,8.33,0.7642201834862385,0.76,0.48,0.52,8.5550000000000000,0
2,Luka Doncic,SG,12.18,1.4448398576512456,0.81,0.92,0.47,9.6900000000000000,1
2,Luka Doncic,SG,11.87,0.9666123778501629,0.89,0.80,0.48,10.7950000000000000,1
2,Luka Doncic,SG,9.12,0.7619047619047619,0.88,0.92,0.69,10.3750000000000000,0
2,Luka Doncic,SG,9.52,1.032537960954447,0.87,0.51,0.22,10.6725000000000000,1
2,Luka Doncic,SG,8.87,0.922037422037422,0.84,0.88,0.66,9.8450000000000000,0
2,Luka Doncic,SG,11.25,1.254180602006689,0.77,0.77,0.49,9.6900000000000000,0
2,Luka Doncic,SG,11.87,1.0458149779735681,0.93,0.68,0.47,10.3775000000000000,0
2,Luka Doncic,SG,6.39,0.5338345864661654,0.86,0.63,0.68,9.5950000000000000,0
2,Luka Doncic,SG,9.26,1.4268104776579353,0.91,0.42,0.61,9.6925000000000000,0
2,Luka Doncic,SG,9.15,0.9775641025641026,0.90,0.60,0.51,9.1675000000000000,0
2,Luka Doncic,SG,9.67,1.0454054054054054,0.63,0.43,0.53,8.6175000000000000,0
2,Luka Doncic,SG,9.77,1.0,0.93,0.89,0.73,9.4625000000000000,0
2,Luka Doncic,SG,11.81,1.1965552178318137,0.84,0.71,0.30,10.1000000000000000,0
2,Luka Doncic,SG,8.15,0.6842989084802688,0.65,0.82,0.52,9.8500000000000000,0
2,Luka Doncic,SG,9.25,1.121212121212121,0.94,0.90,0.24,9.7450000000000000,1
2,Luka Doncic,SG,11.4,1.2192513368983957,0.71,0.67,0.35,10.1525000000000000,0
2,Luka Doncic,SG,10.93,0.9504347826086956,0.79,0.85,0.76,9.9325000000000000,0
2,Luka Doncic,SG,7.56,0.6854034451495921,0.90,0.50,0.31,9.7850000000000000,0
2,Luka Doncic,SG,10.83,1.4138381201044388,0.65,0.51,0.22,10.1800000000000000,0
2,Luka Doncic,SG,10.75,0.9835315645013724,0.72,0.82,0.84,10.0175000000000000,0
2,Luka Doncic,SG,6.76,0.6230414746543779,0.75,0.43,0.66,8.9750000000000000,0
2,Luka Doncic,SG,16.26,2.0,0.66,0.60,0.81,11.1500000000000000,0
2,Luka Doncic,SG,7.35,0.5,0.86,0.77,0.38,10.2800000000000000,1
2,Luka Doncic,SG,11.7,1.570469798657718,0.77,0.56,0.35,10.5175000000000000,0
2,Luka Doncic,SG,10.0,0.8474576271186441,0.79,0.71,0.75,11.3275000000000000,0
2,Luka Doncic,SG,10.25,1.0148514851485149,0.78,0.43,0.28,9.8250000000000000,1
2,Luka Doncic,SG,8.26,0.7980676328502415,0.75,0.88,0.47,10.0525000000000000,0
2,Luka Doncic,SG,7.95,0.9509569377990431,0.89,0.64,0.74,9.1150000000000000,0
2,Luka Doncic,SG,8.77,1.0894409937888196,0.64,0.63,0.83,8.8075000000000000,0
3,Giannis Antetokounmpo,PF,9.34,0.989406779661017,0.92,0.53,0.38,9.3400000000000000,0
3,Giannis Antetokounmpo,PF,10.89,1.1536016949152543,0.86,0.82,0.32,10.1150000000000000,0
3,Giannis Antetokounmpo,PF,13.97,1.2711555959963603,0.88,0.74,0.59,11.4000000000000000,0
3,Giannis Antetokounmpo,PF,5.57,0.5,0.90,0.75,0.80,9.9425000000000000,0
3,Giannis Antetokounmpo,PF,10.46,1.8447971781305117,0.70,0.81,0.34,10.2225000000000000,0
3,Giannis Antetokounmpo,PF,10.77,1.0198863636363635,0.62,0.53,0.59,10.1925000000000000,0
3,Giannis Antetokounmpo,PF,12.65,1.1637534498620057,0.66,0.51,0.22,9.8625000000000000,0
3,Giannis Antetokounmpo,PF,14.91,1.1694117647058824,0.77,0.49,0.75,12.1975000000000000,0
3,Giannis Antetokounmpo,PF,8.83,0.5882744836775483,0.63,0.49,0.80,11.7900000000000000,0
3,Giannis Antetokounmpo,PF,11.14,1.2474804031354985,0.76,0.86,0.70,11.8825000000000000,0
3,Giannis Antetokounmpo,PF,12.01,1.0685053380782918,0.78,0.68,0.23,11.7225000000000000,0
3,Giannis Antetokounmpo,PF,9.26,0.7646573080099092,0.74,0.49,0.40,10.3100000000000000,0
3,Giannis Antetokounmpo,PF,7.91,0.8450854700854702,0.71,0.75,0.52,10.0800000000000000,0
3,Giannis Antetokounmpo,PF,13.66,1.7053682896379527,0.86,0.49,0.86,10.7100000000000000,0
3,Giannis Antetokounmpo,PF,11.49,0.8350290697674418,0.74,0.54,0.60,10.5800000000000000,0
3,Giannis Antetokounmpo,PF,11.65,1.005176876617774,0.83,0.45,0.48,11.1775000000000000,0
3,Giannis Antetokounmpo,PF,13.09,1.1140425531914893,0.69,0.57,0.66,12.4725000000000000,0
3,Giannis Antetokounmpo,PF,11.96,0.9067475360121305,0.86,0.82,0.44,12.0475000000000000,0
3,Giannis Antetokounmpo,PF,6.19,0.5132669983416253,0.85,0.78,0.24,10.7225000000000000,0
3,Giannis Antetokounmpo,PF,9.96,1.5834658187599366,0.88,0.66,0.23,10.3000000000000000,0
3,Giannis Antetokounmpo,PF,7.45,0.7405566600397614,0.61,0.88,0.38,8.8900000000000000,0
3,Giannis Antetokounmpo,PF,10.04,1.3298013245033111,0.80,0.80,0.22,8.4100000000000000,0
3,Giannis Antetokounmpo,PF,9.22,0.9092702169625249,0.74,0.73,0.44,9.1675000000000000,1
3,Giannis Antetokounmpo,PF,8.17,0.8766094420600858,0.61,0.58,0.62,8.7200000000000000,0
3,Giannis Antetokounmpo,PF,7.54,0.9117291414752117,0.72,0.71,0.54,8.7425000000000000,1
3,Giannis Antetokounmpo,PF,10.45,1.3678010471204187,0.69,0.87,0.65,8.8450000000000000,0
3,Giannis Antetokounmpo,PF,9.23,0.8748815165876779,0.68,0.40,0.34,8.8475000000000000,1
3,Giannis Antetokounmpo,PF,9.17,0.9828510182207931,0.94,0.48,0.81,9.0975000000000000,0
3,Giannis Antetokounmpo,PF,9.15,0.9870550161812298,0.88,0.73,0.21,9.5000000000000000,1
3,Giannis Antetokounmpo,PF,11.86,1.2821621621621622,0.83,0.71,0.60,9.8525000000000000,0
3,Giannis Antetokounmpo,PF,10.69,0.8938127090301003,0.94,0.66,0.79,10.2175000000000000,1
3,Giannis Antetokounmpo,PF,9.6,0.8897126969416126,0.76,0.50,0.53,10.3250000000000000,0
3,Giannis Antetokounmpo,PF,7.58,0.7814432989690723,0.77,0.57,0.41,9.9325000000000000,0
3,Giannis Antetokounmpo,PF,12.06,1.5703125000000002,0.90,0.67,0.89,9.9825000000000000,0
3,Giannis Antetokounmpo,PF,8.02,0.6595394736842105,0.65,0.62,0.32,9.3150000000000000,0
3,Giannis Antetokounmpo,PF,10.26,1.2635467980295567,0.71,0.75,0.41,9.4800000000000000,1
3,Giannis Antetokounmpo,PF,10.44,1.0077220077220077,0.71,0.41,0.56,10.1950000000000000,0
3,Giannis Antetokounmpo,PF,10.43,0.9895635673624289,0.66,0.70,0.73,9.7875000000000000,0
3,Giannis Antetokounmpo,PF,10.31,0.9791073124406459,0.94,0.52,0.66,10.3600000000000000,0
3,Giannis Antetokounmpo,PF,7.74,0.7435158501440923,0.71,0.71,0.27,9.7300000000000000,0
3,Giannis Antetokounmpo,PF,9.07,1.156887755102041,0.68,0.90,0.48,9.3875000000000000,1
3,Giannis Antetokounmpo,PF,9.15,0.9978189749182116,0.70,0.71,0.55,9.0675000000000000,0
3,Giannis Antetokounmpo,PF,9.34,1.0097297297297296,0.61,0.58,0.22,8.8250000000000000,0
3,Giannis Antetokounmpo,PF,11.32,1.1991525423728815,0.80,0.42,0.87,9.7200000000000000,0
3,Giannis Antetokounmpo,PF,6.86,0.6007005253940456,0.76,0.58,0.84,9.1675000000000000,0
3,Giannis Antetokounmpo,PF,7.64,1.0977011494252873,0.72,0.82,0.84,8.7900000000000000,0
3,Giannis Antetokounmpo,PF,8.2,1.0594315245478036,0.86,0.61,0.74,8.5050000000000000,0
3,Giannis Antetokounmpo,PF,8.92,1.074698795180723,0.77,0.72,0.64,7.9050000000000000,1
3,Giannis Antetokounmpo,PF,10.0,1.1086474501108647,0.86,0.55,0.35,8.6900000000000000,0
3,Giannis Antetokounmpo,PF,8.65,0.8564356435643565,0.78,0.53,0.70,8.9425000000000000,1
3,Giannis Antetokounmpo,PF,9.23,1.054857142857143,0.64,0.55,0.27,9.2000000000000000,0
3,Giannis Antetokounmpo,PF,10.02,1.0739549839228295,0.79,0.94,0.69,9.4750000000000000,0
4,Kevin Durant,SF,10.56,0.9906191369606004,0.69,0.59,0.38,10.5600000000000000,0
4,Kevin Durant,SF,6.42,0.6022514071294559,0.83,0.83,0.60,8.4900000000000000,0
4,Kevin Durant,SF,8.78,1.3466257668711656,0.86,0.42,0.47,8.5866666666666667,0
4,Kevin Durant,SF,12.75,1.435810810810811,0.62,0.88,0.80,9.6275000000000000,1
4,Kevin Durant,SF,7.92,0.6163424124513619,0.68,0.66,0.76,8.9675000000000000,0
4,Kevin Durant,SF,11.19,1.3952618453865338,0.75,0.66,0.60,10.1600000000000000,0
4,Kevin Durant,SF,7.24,0.6412754650132861,0.88,0.50,0.50,9.7750000000000000,0
4,Kevin Durant,SF,10.32,1.4059945504087195,0.91,0.45,0.38,9.1675000000000000,1
4,Kevin Durant,SF,9.6,0.9213051823416506,0.88,0.52,0.67,9.5875000000000000,1
4,Kevin Durant,SF,6.64,0.6845360824742268,0.79,0.93,0.56,8.4500000000000000,0
4,Kevin Durant,SF,6.83,1.013353115727003,0.91,0.84,0.28,8.3475000000000000,0
4,Kevin Durant,SF,8.49,1.2251082251082253,0.74,0.89,0.23,7.8900000000000000,0
4,Kevin Durant,SF,8.55,0.9953434225844006,0.64,0.92,0.73,7.6275000000000000,1
4,Kevin Durant,SF,10.17,1.175722543352601,0.91,0.89,0.44,8.5100000000000000,1
4,Kevin Durant,SF,11.08,1.0788704965920157,0.80,0.79,0.30,9.5725000000000000,0
4,Kevin Durant,SF,10.29,0.9203935599284436,0.69,0.67,0.41,10.0225000000000000,0
4,Kevin Durant,SF,9.44,0.908565928777671,0.84,0.46,0.74,10.2450000000000000,0
4,Kevin Durant,SF,8.92,0.9350104821802936,0.73,0.60,0.47,9.9325000000000000,1
4,Kevin Durant,SF,11.57,1.2827050997782705,0.72,0.70,0.44,10.0550000000000000,1
4,Kevin Durant,SF,11.31,0.9691516709511568,0.65,0.65,0.77,10.3100000000000000,1
4,Kevin Durant,SF,9.12,0.7992988606485538,0.86,0.60,0.26,10.2300000000000000,1
4,Kevin Durant,SF,9.29,1.007592190889371,0.62,0.47,0.39,10.3225000000000000,1
4,Kevin Durant,SF,8.73,0.929712460063898,0.90,0.53,0.66,9.6125000000000000,0
4,Kevin Durant,SF,12.37,1.4009060022650055,0.90,0.78,0.82,9.8775000000000000,0
4,Kevin Durant,SF,8.19,0.6567762630312751,0.74,0.54,0.30,9.6450000000000000,1
4,Kevin Durant,SF,9.25,1.1158021712907118,0.62,0.60,0.86,9.6350000000000000,0
4,Kevin Durant,SF,9.78,1.0459893048128341,0.74,0.85,0.36,9.8975000000000000,1
4,Kevin Durant,SF,6.89,0.6973684210526316,0.75,0.92,0.77,8.5275000000000000,0
4,Kevin Durant,SF,9.34,1.3361945636623749,0.93,0.56,0.86,8.8150000000000000,0
4,Kevin Durant,SF,12.42,1.315677966101695,0.79,0.64,0.76,9.6075000000000000,0
4,Kevin Durant,SF,11.76,0.939297124600639,0.83,0.64,0.79,10.1025000000000000,0
4,Kevin Durant,SF,12.46,1.0505902192242835,0.66,0.69,0.55,11.4950000000000000,0
4,Kevin Durant,SF,10.25,0.8160828025477707,0.80,0.68,0.90,11.7225000000000000,0
4,Kevin Durant,SF,9.61,0.9285024154589372,0.83,0.48,0.31,11.0200000000000000,0
4,Kevin Durant,SF,10.24,1.0545829042224513,0.77,0.56,0.59,10.6400000000000000,0
4,Kevin Durant,SF,5.96,0.5764023210831721,0.71,0.69,0.67,9.0150000000000000,0
4,Kevin Durant,SF,10.92,1.801980198019802,0.73,0.54,0.43,9.1825000000000000,0
4,Kevin Durant,SF,8.81,0.7994555353901998,0.88,0.63,0.63,8.9825000000000000,0
4,Kevin Durant,SF,7.02,0.7878787878787878,0.94,0.44,0.39,8.1775000000000000,1
4,Kevin Durant,SF,12.92,1.8146067415730338,0.85,0.91,0.65,9.9175000000000000,1
4,Kevin Durant,SF,10.33,0.793394777265745,0.88,0.45,0.58,9.7700000000000000,0
4,Kevin Durant,SF,9.54,0.9146692233940555,0.85,0.83,0.88,9.9525000000000000,0
4,Kevin Durant,SF,6.95,0.7209543568464731,0.67,0.71,0.23,9.9350000000000000,0
4,Kevin Durant,SF,8.99,1.275177304964539,0.66,0.56,0.60,8.9525000000000000,0
4,Kevin Durant,SF,12.3,1.3531353135313533,0.78,0.53,0.73,9.4450000000000000,1
4,Kevin Durant,SF,10.0,0.8064516129032258,0.75,0.44,0.29,9.5600000000000000,0
4,Kevin Durant,SF,9.37,0.9277227722772277,0.82,0.47,0.68,10.1650000000000000,1
4,Kevin Durant,SF,12.05,1.272439281942978,0.81,0.81,0.28,10.9300000000000000,0
4,Kevin Durant,SF,11.14,0.9168724279835391,0.94,0.80,0.23,10.6400000000000000,0
4,Kevin Durant,SF,10.54,0.9377224199288255,0.89,0.87,0.25,10.7750000000000000,0
4,Kevin Durant,SF,12.45,1.1701127819548873,0.70,0.48,0.79,11.5450000000000000,1
4,Kevin Durant,SF,10.35,0.8247011952191236,0.72,0.40,0.83,11.1200000000000000,0
5,Jayson Tatum,SF,8.71,0.9886492622020432,0.62,0.84,0.85,8.7100000000000000,0
5,Jayson Tatum,SF,9.4,1.0669693530079456,0.62,0.87,0.73,9.0550000000000000,0
5,Jayson Tatum,SF,7.96,0.8378947368421052,0.77,0.80,0.44,8.6900000000000000,1
5,Jayson Tatum,SF,10.83,1.3436724565756824,0.76,0.61,0.70,9.2250000000000000,1
5,Jayson Tatum,SF,10.21,0.9341262580054895,0.63,0.74,0.51,9.6000000000000000,0
5,Jayson Tatum,SF,11.73,1.1377303588748788,0.73,0.44,0.79,10.1825000000000000,0
5,Jayson Tatum,SF,13.13,1.10989010989011,0.89,0.43,0.30,11.4750000000000000,0
5,Jayson Tatum,SF,6.14,0.5,0.93,0.63,0.82,10.3025000000000000,0
5,Jayson Tatum,SF,12.16,1.948717948717949,0.84,0.49,0.27,10.7900000000000000,0
5,Jayson Tatum,SF,8.26,0.6737357259380098,0.87,0.66,0.68,9.9225000000000000,0
5,Jayson Tatum,SF,8.79,1.0514354066985645,0.63,0.64,0.34,8.8375000000000000,0
5,Jayson Tatum,SF,10.13,1.1394825646794153,0.66,0.93,0.75,9.8350000000000000,0
5,Jayson Tatum,SF,12.83,1.2541544477028348,0.63,0.54,0.46,10.0025000000000000,0
5,Jayson Tatum,SF,11.63,0.8994586233565353,0.85,0.74,0.87,10.8450000000000000,0
5,Jayson Tatum,SF,8.66,0.7382779198635976,0.94,0.46,0.39,10.8125000000000000,0
5,Jayson Tatum,SF,12.63,1.4417808219178083,0.66,0.55,0.20,11.4375000000000000,1
5,Jayson Tatum,SF,11.93,0.9371563236449332,0.67,0.76,0.90,11.2125000000000000,1
5,Jayson Tatum,SF,11.9,0.9891936824605154,0.88,0.60,0.80,11.2800000000000000,0
5,Jayson Tatum,SF,9.6,0.7999999999999999,0.80,0.69,0.30,11.5150000000000000,0
5,Jayson Tatum,SF,10.2,1.0515463917525774,0.69,0.90,0.67,10.9075000000000000,0
5,Jayson Tatum,SF,12.53,1.216504854368932,0.86,0.93,0.57,11.0575000000000000,0
5,Jayson Tatum,SF,11.97,0.9477434679334918,0.69,0.82,0.57,11.0750000000000000,0
5,Jayson Tatum,SF,10.17,0.8425849212924607,0.64,0.69,0.27,11.2175000000000000,1
5,Jayson Tatum,SF,9.68,0.9425511197663097,0.90,0.64,0.46,11.0875000000000000,0
5,Jayson Tatum,SF,10.24,1.047034764826176,0.77,0.94,0.87,10.5150000000000000,0
5,Jayson Tatum,SF,10.74,1.0386847195357833,0.85,0.78,0.83,10.2075000000000000,0
5,Jayson Tatum,SF,6.7,0.6180811808118082,0.87,0.84,0.85,9.3400000000000000,1
5,Jayson Tatum,SF,11.6,1.7058823529411764,0.62,0.86,0.36,9.8200000000000000,0
5,Jayson Tatum,SF,9.79,0.8367521367521368,0.94,0.90,0.20,9.7075000000000000,0
5,Jayson Tatum,SF,8.4,0.8493427704752277,0.94,0.79,0.30,9.1225000000000000,0
5,Jayson Tatum,SF,9.98,1.1741176470588235,0.61,0.87,0.63,9.9425000000000000,0
5,Jayson Tatum,SF,9.97,0.9890873015873016,0.86,0.61,0.78,9.5350000000000000,1
5,Jayson Tatum,SF,7.49,0.7437934458788481,0.86,0.73,0.64,8.9600000000000000,0
5,Jayson Tatum,SF,11.36,1.4967061923583662,0.64,0.61,0.37,9.7000000000000000,1
5,Jayson Tatum,SF,12.32,1.0750436300174522,0.88,0.54,0.88,10.2850000000000000,0
5,Jayson Tatum,SF,8.96,0.7214170692431563,0.69,0.86,0.38,10.0325000000000000,0
5,Jayson Tatum,SF,13.65,1.5066225165562914,0.78,0.75,0.62,11.5725000000000000,0
5,Jayson Tatum,SF,9.54,0.6938181818181818,0.78,0.46,0.72,11.1175000000000000,0
5,Jayson Tatum,SF,9.79,1.0155601659751037,0.88,0.76,0.77,10.4850000000000000,1
5,Jayson Tatum,SF,9.19,0.9292214357937311,0.63,0.72,0.60,10.5425000000000000,0
5,Jayson Tatum,SF,12.04,1.296017222820237,0.61,0.49,0.65,10.1400000000000000,0
5,Jayson Tatum,SF,7.68,0.6326194398682043,0.62,0.67,0.23,9.6750000000000000,0
5,Jayson Tatum,SF,10.25,1.3174807197943446,0.78,0.55,0.78,9.7900000000000000,0
5,Jayson Tatum,SF,8.76,0.8463768115942029,0.70,0.71,0.51,9.6825000000000000,0
5,Jayson Tatum,SF,10.7,1.2076749435665914,0.75,0.62,0.43,9.3475000000000000,0
5,Jayson Tatum,SF,13.65,1.263888888888889,0.61,0.86,0.73,10.8400000000000000,0
5,Jayson Tatum,SF,8.64,0.6283636363636365,0.83,0.63,0.54,10.4375000000000000,0
5,Jayson Tatum,SF,10.72,1.2265446224256293,0.64,0.83,0.57,10.9275000000000000,0
5,Jayson Tatum,SF,11.91,1.100739371534196,0.74,0.83,0.48,11.2300000000000000,0
5,Jayson Tatum,SF,6.56,0.5462114904246461,0.61,0.94,0.86,9.4575000000000000,0
5,Jayson Tatum,SF,8.44,1.2672672672672673,0.62,0.88,0.58,9.4075000000000000,0
5,Jayson Tatum,SF,8.97,1.0503512880562063,0.79,0.92,0.52,8.9700000000000000,0
6,Damian Lillard,PG,15.1,0.993421052631579,0.93,0.71,0.27,15.1000000000000000,0
6,Damian Lillard,PG,8.08,0.531578947368421,0.74,0.50,0.24,11.5900000000000000,0
6,Damian Lillard,PG,8.15,0.9963325183374084,0.85,0.63,0.70,10.4433333333333333,0
6,Damian Lillard,PG,9.13,1.1066666666666667,0.86,0.66,0.89,10.1150000000000000,1
6,Damian Lillard,PG,9.79,1.0606717226435536,0.65,0.94,0.52,8.7875000000000000,0
6,Damian Lillard,PG,10.13,1.0242669362992924,0.92,0.67,0.38,9.3000000000000000,0
6,Damian Lillard,PG,11.85,1.158357771260997,0.71,0.72,0.82,10.2250000000000000,0
6,Damian Lillard,PG,9.56,0.8,0.73,0.74,0.53,10.3325000000000000,0
6,Damian Lillard,PG,8.02,0.8302277432712215,0.60,0.52,0.90,9.8900000000000000,0
6,Damian Lillard,PG,11.59,1.4273399014778327,0.87,0.79,0.79,10.2550000000000000,0
6,Damian Lillard,PG,8.24,0.7048759623609924,0.93,0.88,0.72,9.3525000000000000,0
6,Damian Lillard,PG,12.45,1.4928057553956835,0.85,0.52,0.72,10.0750000000000000,0
6,Damian Lillard,PG,11.01,0.8772908366533865,0.70,0.53,0.53,10.8225000000000000,0
6,Damian Lillard,PG,11.38,1.0243024302430244,0.66,0.57,0.53,10.7700000000000000,0
6,Damian Lillard,PG,16.34,1.4233449477351916,0.86,0.75,0.40,12.7950000000000000,1
6,Damian Lillard,PG,7.82,0.5,0.73,0.60,0.86,11.6375000000000000,0
6,Damian Lillard,PG,9.39,1.1856060606060608,0.60,0.65,0.21,11.2325000000000000,0
6,Damian Lillard,PG,9.34,0.9841938883034773,0.93,0.84,0.81,10.7225000000000000,0
6,Damian Lillard,PG,9.89,1.0476694915254239,0.62,0.42,0.31,9.1100000000000000,0
6,Damian Lillard,PG,9.7,0.9709709709709708,0.90,0.84,0.23,9.5800000000000000,1
6,Damian Lillard,PG,8.78,0.8959183673469389,0.76,0.49,0.62,9.4275000000000000,0
6,Damian Lillard,PG,8.63,0.9718468468468471,0.89,0.46,0.37,9.2500000000000000,0
6,Damian Lillard,PG,9.76,1.1179839633447881,0.77,0.57,0.81,9.2175000000000000,1
6,Damian Lillard,PG,8.96,0.9087221095334687,0.93,0.52,0.24,9.0325000000000000,0
6,Damian Lillard,PG,10.5,1.1589403973509933,0.79,0.61,0.38,9.4625000000000000,0
6,Damian Lillard,PG,9.3,0.8773584905660379,0.89,0.81,0.65,9.6300000000000000,0
6,Damian Lillard,PG,11.32,1.2042553191489362,0.93,0.70,0.71,10.0200000000000000,0
6,Damian Lillard,PG,11.44,1.0017513134851137,0.83,0.54,0.44,10.6400000000000000,0
6,Damian Lillard,PG,10.74,0.930675909878683,0.85,0.88,0.26,10.7000000000000000,1
6,Damian Lillard,PG,6.38,0.5885608856088561,0.74,0.88,0.72,9.9700000000000000,1
6,Damian Lillard,PG,9.77,1.5077160493827162,0.65,0.75,0.62,9.5825000000000000,1
6,Damian Lillard,PG,10.01,1.0141843971631206,0.63,0.52,0.40,9.2250000000000000,0
6,Damian Lillard,PG,10.37,1.0257171117705242,0.93,0.88,0.73,9.1325000000000000,0
6,Damian Lillard,PG,12.24,1.169054441260745,0.93,0.84,0.23,10.5975000000000000,0
6,Damian Lillard,PG,10.91,0.8841166936790924,0.85,0.78,0.58,10.8825000000000000,1
6,Damian Lillard,PG,8.43,0.7656675749318801,0.94,0.86,0.48,10.4875000000000000,0
6,Damian Lillard,PG,12.67,1.485345838218054,0.61,0.82,0.21,11.0625000000000000,0
6,Damian Lillard,PG,9.71,0.7603758809710259,0.87,0.63,0.24,10.4300000000000000,0
6,Damian Lillard,PG,10.07,1.0265035677879715,0.78,0.93,0.63,10.2200000000000000,1
6,Damian Lillard,PG,10.45,1.0275319567354966,0.95,0.69,0.45,10.7250000000000000,0
6,Damian Lillard,PG,9.5,0.9004739336492892,0.93,0.80,0.67,9.9325000000000000,0
6,Damian Lillard,PG,9.45,0.984375,0.87,0.67,0.86,9.8675000000000000,0
6,Damian Lillard,PG,10.58,1.1078534031413614,0.90,0.63,0.83,9.9950000000000000,0
6,Damian Lillard,PG,8.65,0.8099250936329588,0.68,0.50,0.79,9.5450000000000000,1
6,Damian Lillard,PG,13.0,1.4857142857142858,0.93,0.44,0.34,10.4200000000000000,0
6,Damian Lillard,PG,10.24,0.7816793893129771,0.91,0.77,0.81,10.6175000000000000,0
6,Damian Lillard,PG,6.32,0.6112185686653772,0.73,0.48,0.58,9.5525000000000000,0
6,Damian Lillard,PG,10.4,1.61993769470405,0.87,0.94,0.74,9.9900000000000000,0
6,Damian Lillard,PG,12.71,1.2104761904761905,0.75,0.65,0.89,9.9175000000000000,0
6,Damian Lillard,PG,7.47,0.5831381733021077,0.69,0.76,0.59,9.2250000000000000,0
6,Damian Lillard,PG,10.44,1.3791281373844122,0.76,0.43,0.85,10.2550000000000000,0
6,Damian Lillard,PG,8.86,0.8406072106261859,0.71,0.72,0.85,9.8700000000000000,0
7,Stephen Curry,PG,12.63,0.9921445404556167,0.90,0.66,0.43,12.6300000000000000,0
7,Stephen Curry,PG,11.54,0.9065200314218381,0.68,0.61,0.25,12.0850000000000000,0
7,Stephen Curry,PG,9.28,0.7972508591065293,0.60,0.44,0.46,11.1500000000000000,0
7,Stephen Curry,PG,9.45,1.0074626865671643,0.61,0.52,0.87,10.7250000000000000,0
7,Stephen Curry,PG,10.82,1.1329842931937175,0.78,0.69,0.74,10.2725000000000000,0
7,Stephen Curry,PG,10.34,0.9468864468864469,0.78,0.87,0.43,9.9725000000000000,0
7,Stephen Curry,PG,12.41,1.188697318007663,0.75,0.61,0.23,10.7550000000000000,0
7,Stephen Curry,PG,8.91,0.7122302158273381,0.79,0.51,0.31,10.6200000000000000,1
7,Stephen Curry,PG,11.0,1.2208657047724751,0.74,0.73,0.86,10.6650000000000000,0
7,Stephen Curry,PG,8.85,0.7972972972972973,0.88,0.51,0.68,10.2925000000000000,0
7,Stephen Curry,PG,12.78,1.4279329608938547,0.72,0.80,0.27,10.3850000000000000,0
7,Stephen Curry,PG,9.04,0.7018633540372671,0.68,0.86,0.29,10.4175000000000000,0
7,Stephen Curry,PG,12.7,1.389496717724289,0.74,0.55,0.68,10.8425000000000000,1
7,Stephen Curry,PG,11.46,0.8953125000000002,0.81,0.45,0.44,11.4950000000000000,0
7,Stephen Curry,PG,11.46,0.9913494809688581,0.78,0.90,0.48,11.1650000000000000,0
7,Stephen Curry,PG,8.98,0.7768166089965398,0.94,0.56,0.62,11.1500000000000000,0
7,Stephen Curry,PG,7.9,0.8700440528634361,0.87,0.78,0.88,9.9500000000000000,1
7,Stephen Curry,PG,11.6,1.45,0.77,0.58,0.47,9.9850000000000000,0
7,Stephen Curry,PG,13.98,1.194871794871795,0.92,0.90,0.37,10.6150000000000000,0
7,Stephen Curry,PG,9.29,0.6598011363636364,0.76,0.89,0.45,10.6925000000000000,0
7,Stephen Curry,PG,10.34,1.1011714589989352,0.83,0.46,0.25,11.3025000000000000,0
7,Stephen Curry,PG,12.52,1.199233716475096,0.71,0.75,0.38,11.5325000000000000,0
7,Stephen Curry,PG,7.73,0.6125198098256736,0.73,0.60,0.74,9.9700000000000000,0
7,Stephen Curry,PG,7.46,0.9527458492975734,0.86,0.66,0.82,9.5125000000000000,0
7,Stephen Curry,PG,11.18,1.4788359788359788,0.76,0.52,0.20,9.7225000000000000,0
7,Stephen Curry,PG,8.71,0.772163120567376,0.78,0.46,0.28,8.7700000000000000,0
7,Stephen Curry,PG,14.62,1.6594778660612939,0.72,0.41,0.74,10.4925000000000000,0
7,Stephen Curry,PG,7.91,0.5373641304347827,0.88,0.79,0.70,10.6050000000000000,0
7,Stephen Curry,PG,9.85,1.229712858926342,0.63,0.52,0.33,10.2725000000000000,0
7,Stephen Curry,PG,5.87,0.5899497487437186,0.83,0.82,0.37,9.5625000000000000,0
7,Stephen Curry,PG,10.31,1.7269681742043552,0.74,0.78,0.26,8.4850000000000000,1
7,Stephen Curry,PG,11.83,1.1364073006724305,0.72,0.43,0.21,9.4650000000000000,0
7,Stephen Curry,PG,13.56,1.1366303436714167,0.67,0.42,0.23,10.3925000000000000,0
7,Stephen Curry,PG,9.53,0.6976573938506588,0.62,0.78,0.25,11.3075000000000000,1
7,Stephen Curry,PG,11.59,1.2035306334371756,0.68,0.74,0.41,11.6275000000000000,0
7,Stephen Curry,PG,7.7,0.658682634730539,0.78,0.40,0.83,10.5950000000000000,0
7,Stephen Curry,PG,11.4,1.4615384615384617,0.77,0.47,0.71,10.0550000000000000,0
7,Stephen Curry,PG,11.32,0.9843478260869566,0.77,0.69,0.23,10.5025000000000000,0
7,Stephen Curry,PG,7.34,0.6427320490367776,0.89,0.82,0.22,9.4400000000000000,1
7,Stephen Curry,PG,9.26,1.2446236559139785,0.92,0.70,0.43,9.8300000000000000,0
7,Stephen Curry,PG,9.95,1.063034188034188,0.64,0.61,0.58,9.4675000000000000,0
7,Stephen Curry,PG,9.39,0.9343283582089554,0.61,0.75,0.43,8.9850000000000000,0
7,Stephen Curry,PG,11.62,1.2244467860906216,0.74,0.49,0.28,10.0550000000000000,0
7,Stephen Curry,PG,9.6,0.8191126279863482,0.94,0.53,0.44,10.1400000000000000,0
7,Stephen Curry,PG,8.11,0.8360824742268042,0.73,0.46,0.26,9.6800000000000000,1
7,Stephen Curry,PG,10.83,1.3191230207064557,0.91,0.85,0.39,10.0400000000000000,0
7,Stephen Curry,PG,10.06,0.9204025617566332,0.67,0.60,0.45,9.6500000000000000,0
7,Stephen Curry,PG,10.27,1.0108267716535433,0.88,0.82,0.49,9.8175000000000000,0
7,Stephen Curry,PG,10.67,1.0289296046287368,0.65,0.41,0.23,10.4575000000000000,0
7,Stephen Curry,PG,10.1,0.9377901578458682,0.90,0.89,0.61,10.2750000000000000,0
7,Stephen Curry,PG,9.59,0.9401960784313727,0.73,0.83,0.51,10.1575000000000000,0
7,Stephen Curry,PG,8.52,0.8792569659442725,0.87,0.41,0.78,9.7200000000000000,0
8,Devin Booker,SG,8.6,0.9885057471264368,0.61,0.89,0.79,8.6000000000000000,0
8,Devin Booker,SG,9.46,1.0873563218390807,0.82,0.90,0.64,9.0300000000000000,0
8,Devin Booker,SG,8.69,0.9089958158995814,0.73,0.80,0.88,8.9166666666666667,0
8,Devin Booker,SG,10.43,1.1865756541524461,0.77,0.95,0.69,9.2950000000000000,0
8,Devin Booker,SG,9.24,0.8774928774928775,0.80,0.89,0.83,9.4550000000000000,0
8,Devin Booker,SG,11.07,1.1852248394004283,0.68,0.74,0.52,9.8575000000000000,0
8,Devin Booker,SG,12.54,1.1226499552372426,0.69,0.54,0.72,10.8200000000000000,0
8,Devin Booker,SG,11.47,0.9074367088607597,0.91,0.86,0.36,11.0800000000000000,0
8,Devin Booker,SG,7.97,0.6888504753673292,0.84,0.94,0.32,10.7625000000000000,0
8,Devin Booker,SG,10.97,1.3593556381660472,0.74,0.44,0.39,10.7375000000000000,1
8,Devin Booker,SG,9.1,0.8220415537488708,0.81,0.68,0.83,9.8775000000000000,0
8,Devin Booker,SG,10.09,1.0967391304347827,0.67,0.89,0.62,9.5325000000000000,0
8,Devin Booker,SG,10.11,0.9921491658488715,0.72,0.75,0.27,10.0675000000000000,0
8,Devin Booker,SG,11.84,1.159647404505387,0.95,0.61,0.66,10.2850000000000000,1
8,Devin Booker,SG,9.04,0.7571189279731992,0.62,0.92,0.35,10.2700000000000000,0
8,Devin Booker,SG,11.04,1.2078774617067833,0.73,0.71,0.43,10.5075000000000000,0
8,Devin Booker,SG,12.38,1.1113105924596052,0.86,0.52,0.21,11.0750000000000000,0
8,Devin Booker,SG,9.41,0.7540064102564102,0.72,0.73,0.25,10.4675000000000000,0
8,Devin Booker,SG,7.94,0.8349106203995794,0.78,0.44,0.42,10.1925000000000000,0
8,Devin Booker,SG,8.36,1.0398009950248754,0.94,0.48,0.82,9.5225000000000000,0
8,Devin Booker,SG,10.66,1.2600472813238772,0.95,0.85,0.84,9.0925000000000000,0
8,Devin Booker,SG,10.71,0.9953531598513012,0.71,0.88,0.51,9.4175000000000000,0
8,Devin Booker,SG,8.6,0.795559666975023,0.61,0.41,0.62,9.5825000000000000,0
8,Devin Booker,SG,7.87,0.9045977011494254,0.66,0.56,0.26,9.4600000000000000,1
8,Devin Booker,SG,10.1,1.2672521957340026,0.83,0.53,0.64,9.3200000000000000,0
8,Devin Booker,SG,6.33,0.6205882352941177,0.65,0.77,0.64,8.2250000000000000,0
8,Devin Booker,SG,13.25,2.0,0.70,0.44,0.71,9.3875000000000000,0
8,Devin Booker,SG,10.04,0.752059925093633,0.71,0.52,0.21,9.9300000000000000,0
8,Devin Booker,SG,9.85,0.9714003944773176,0.63,0.54,0.42,9.8675000000000000,1
8,Devin Booker,SG,10.43,1.0482412060301507,0.69,0.89,0.48,10.8925000000000000,0
8,Devin Booker,SG,10.3,0.9781576448243117,0.75,0.75,0.60,10.1550000000000000,0
8,Devin Booker,SG,10.0,0.9615384615384615,0.75,0.82,0.71,10.1450000000000000,0
8,Devin Booker,SG,8.17,0.808910891089109,0.88,0.93,0.26,9.7250000000000000,0
8,Devin Booker,SG,10.61,1.282950423216445,0.69,0.76,0.87,9.7700000000000000,0
8,Devin Booker,SG,11.52,1.0756302521008403,0.64,0.63,0.86,10.0750000000000000,0
8,Devin Booker,SG,12.28,1.0567986230636832,0.82,0.57,0.83,10.6450000000000000,0
8,Devin Booker,SG,6.28,0.507269789983845,0.81,0.71,0.34,10.1725000000000000,0
8,Devin Booker,SG,10.81,1.69435736677116,0.74,0.81,0.52,10.2225000000000000,0
8,Devin Booker,SG,10.32,0.9459211732355637,0.83,0.76,0.23,9.9225000000000000,0
8,Devin Booker,SG,8.84,0.8483685220729367,0.90,0.57,0.26,9.0625000000000000,0
8,Devin Booker,SG,11.76,1.3154362416107384,0.72,0.79,0.89,10.4325000000000000,0
8,Devin Booker,SG,8.3,0.6998313659359191,0.93,0.68,0.22,9.8050000000000000,0
8,Devin Booker,SG,9.65,1.1488095238095237,0.90,0.54,0.21,9.6375000000000000,1
8,Devin Booker,SG,11.9,1.2205128205128206,0.92,0.48,0.53,10.4025000000000000,0
8,Devin Booker,SG,9.56,0.7966666666666667,0.72,0.54,0.62,9.8525000000000000,1
8,Devin Booker,SG,12.16,1.25879917184265,0.83,0.61,0.80,10.8175000000000000,1
8,Devin Booker,SG,11.01,0.898042414355628,0.79,0.70,0.22,11.1575000000000000,0
8,Devin Booker,SG,11.55,1.0396039603960396,0.76,0.67,0.38,11.0700000000000000,0
8,Devin Booker,SG,5.62,0.5,0.87,0.57,0.82,10.0850000000000000,0
8,Devin Booker,SG,7.52,1.3146853146853146,0.90,0.75,0.24,8.9250000000000000,0
8,Devin Booker,SG,9.82,1.288713910761155,0.63,0.53,0.24,8.6275000000000000,0
8,Devin Booker,SG,8.78,0.8850806451612903,0.61,0.88,0.56,7.9350000000000000,0
9,Trae Young,PG,5.87,0.9832495812395311,0.84,0.45,0.78,5.8700000000000000,0
9,Trae Young,PG,11.45,1.917922948073702,0.88,0.88,0.34,8.6600000000000000,1
9,Trae Young,PG,9.15,0.7922077922077924,0.75,0.87,0.52,8.8233333333333333,1
9,Trae Young,PG,11.17,1.2075675675675677,0.91,0.91,0.27,9.4100000000000000,0
9,Trae Young,PG,11.56,1.0257320319432122,0.71,0.92,0.48,10.8325000000000000,0
9,Trae Young,PG,10.02,0.8593481989708405,0.92,0.52,0.53,10.4750000000000000,0
9,Trae Young,PG,12.11,1.1966403162055337,0.62,0.51,0.27,11.2150000000000000,0
9,Trae Young,PG,7.43,0.6085176085176085,0.71,0.65,0.72,10.2800000000000000,0
9,Trae Young,PG,11.92,1.5830013280212485,0.93,0.56,0.51,10.3700000000000000,0
9,Trae Young,PG,11.22,0.9334442595673877,0.69,0.58,0.82,10.6700000000000000,0
9,Trae Young,PG,7.32,0.6466431095406361,0.61,0.61,0.59,9.4725000000000000,0
9,Trae Young,PG,10.77,1.4514824797843666,0.77,0.90,0.36,10.3075000000000000,0
9,Trae Young,PG,9.96,0.9162833486660535,0.72,0.44,0.25,9.8175000000000000,0
9,Trae Young,PG,11.87,1.1799204771371767,0.85,0.46,0.71,9.9800000000000000,0
9,Trae Young,PG,10.0,0.8354218880534671,0.70,0.83,0.25,10.6500000000000000,0
9,Trae Young,PG,11.78,1.1663366336633663,0.81,0.60,0.69,10.9025000000000000,0
9,Trae Young,PG,11.86,0.9983164983164984,0.75,0.43,0.81,11.3775000000000000,0
9,Trae Young,PG,12.33,1.0309364548494984,0.89,0.53,0.25,11.4925000000000000,1
9,Trae Young,PG,12.13,0.9758648431214804,0.81,0.84,0.27,12.0250000000000000,1
9,Trae Young,PG,9.72,0.794766966475879,0.78,0.77,0.53,11.5100000000000000,0
9,Trae Young,PG,7.33,0.7464358452138493,0.75,0.92,0.20,10.3775000000000000,1
9,Trae Young,PG,13.37,1.7994616419919245,0.76,0.41,0.41,10.6375000000000000,0
9,Trae Young,PG,7.01,0.520415738678545,0.62,0.65,0.77,9.3575000000000000,0
9,Trae Young,PG,14.33,2.0,0.68,0.74,0.59,10.5100000000000000,0
9,Trae Young,PG,7.87,0.5453915453915454,0.68,0.84,0.74,10.6450000000000000,0
9,Trae Young,PG,10.62,1.3324968632371392,0.66,0.63,0.61,9.9575000000000000,0
9,Trae Young,PG,5.23,0.5,0.63,0.80,0.56,9.5125000000000000,0
9,Trae Young,PG,9.65,1.8105065666041276,0.78,0.53,0.27,8.3425000000000000,0
9,Trae Young,PG,10.6,1.087179487179487,0.66,0.47,0.44,9.0250000000000000,0
9,Trae Young,PG,12.62,1.1794392523364485,0.92,0.93,0.89,9.5250000000000000,0
9,Trae Young,PG,11.52,0.9056603773584906,0.77,0.63,0.30,11.0975000000000000,1
9,Trae Young,PG,9.47,0.8149741824440621,0.63,0.48,0.57,11.0525000000000000,1
9,Trae Young,PG,13.01,1.3594566353187043,0.69,0.95,0.55,11.6550000000000000,0
9,Trae Young,PG,7.85,0.5987795575896262,0.64,0.82,0.60,10.4625000000000000,0
9,Trae Young,PG,10.39,1.3069182389937108,0.68,0.70,0.23,10.1800000000000000,0
9,Trae Young,PG,4.37,0.5,0.73,0.56,0.42,8.9050000000000000,0
9,Trae Young,PG,5.27,1.1789709172259508,0.64,0.68,0.64,6.9700000000000000,0
9,Trae Young,PG,10.12,1.884543761638734,0.92,0.52,0.73,7.5375000000000000,0
9,Trae Young,PG,9.93,0.9716242661448141,0.87,0.73,0.59,7.4225000000000000,1
9,Trae Young,PG,9.68,0.9651046859421735,0.71,0.70,0.82,8.7500000000000000,0
9,Trae Young,PG,7.36,0.752556237218814,0.84,0.48,0.23,9.2725000000000000,0
9,Trae Young,PG,10.76,1.4423592493297588,0.71,0.68,0.69,9.4325000000000000,0
9,Trae Young,PG,11.82,1.0883977900552486,0.65,0.82,0.81,9.9050000000000000,0
9,Trae Young,PG,10.29,0.8632550335570469,0.69,0.42,0.60,10.0575000000000000,1
9,Trae Young,PG,10.38,0.9990375360923968,0.69,0.78,0.63,10.8125000000000000,0
9,Trae Young,PG,9.79,0.9341603053435114,0.67,0.79,0.28,10.5700000000000000,0
9,Trae Young,PG,10.75,1.0869565217391306,0.82,0.76,0.86,10.3025000000000000,0
9,Trae Young,PG,12.98,1.1963133640552996,0.75,0.79,0.74,10.9750000000000000,0
9,Trae Young,PG,9.66,0.7385321100917431,0.88,0.75,0.62,10.7950000000000000,0
9,Trae Young,PG,9.32,0.9549180327868853,0.95,0.81,0.65,10.6775000000000000,0
9,Trae Young,PG,9.55,1.0138004246284502,0.66,0.41,0.60,10.3775000000000000,1
9,Trae Young,PG,9.7,1.0051813471502589,0.75,0.51,0.82,9.5575000000000000,0
10,Shai Gilgeous-Alexander,SG,12.39,0.9919935948759008,0.91,0.94,0.89,12.3900000000000000,0
10,Shai Gilgeous-Alexander,SG,6.94,0.5556445156124901,0.77,0.76,0.33,9.6650000000000000,0
10,Shai Gilgeous-Alexander,SG,7.76,1.1022727272727273,0.62,0.79,0.42,9.0300000000000000,0
10,Shai Gilgeous-Alexander,SG,9.7,1.2340966921119594,0.92,0.79,0.66,9.1975000000000000,0
10,Shai Gilgeous-Alexander,SG,12.05,1.229591836734694,0.76,0.78,0.89,9.1125000000000000,0
10,Shai Gilgeous-Alexander,SG,10.02,0.8246913580246913,0.80,0.44,0.77,9.8825000000000000,0
10,Shai Gilgeous-Alexander,SG,10.87,1.0741106719367588,0.82,0.48,0.46,10.6600000000000000,0
10,Shai Gilgeous-Alexander,SG,10.33,0.9416590701914312,0.73,0.63,0.53,10.8175000000000000,0
10,Shai Gilgeous-Alexander,SG,11.34,1.087248322147651,0.62,0.56,0.30,10.6400000000000000,1
10,Shai Gilgeous-Alexander,SG,11.19,0.9781468531468531,0.73,0.71,0.46,10.9325000000000000,0
10,Shai Gilgeous-Alexander,SG,11.33,1.0035429583702393,0.70,0.83,0.47,11.0475000000000000,0
10,Shai Gilgeous-Alexander,SG,9.68,0.8468941382327209,0.93,0.56,0.39,10.8850000000000000,0
10,Shai Gilgeous-Alexander,SG,12.8,1.30879345603272,0.76,0.95,0.28,11.2500000000000000,1
10,Shai Gilgeous-Alexander,SG,14.18,1.0992248062015504,0.86,0.76,0.47,11.9975000000000000,1
10,Shai Gilgeous-Alexander,SG,11.26,0.788515406162465,0.72,0.86,0.61,11.9800000000000000,0
10,Shai Gilgeous-Alexander,SG,9.59,0.8441901408450705,0.87,0.67,0.68,11.9575000000000000,0
10,Shai Gilgeous-Alexander,SG,11.0,1.1351909184726523,0.64,0.84,0.42,11.5075000000000000,0
10,Shai Gilgeous-Alexander,SG,11.74,1.0576576576576577,0.73,0.91,0.82,10.8975000000000000,0
10,Shai Gilgeous-Alexander,SG,11.68,0.9864864864864865,0.87,0.70,0.83,11.0025000000000000,1
10,Shai Gilgeous-Alexander,SG,7.81,0.6629881154499151,0.75,0.75,0.60,10.5575000000000000,0
10,Shai Gilgeous-Alexander,SG,8.09,1.02275600505689,0.80,0.60,0.85,9.8300000000000000,0
10,Shai Gilgeous-Alexander,SG,10.78,1.3162393162393162,0.69,0.69,0.82,9.5900000000000000,0
10,Shai Gilgeous-Alexander,SG,9.25,0.8501838235294118,0.68,0.80,0.23,8.9825000000000000,0
10,Shai Gilgeous-Alexander,SG,7.13,0.7625668449197861,0.78,0.87,0.62,8.8125000000000000,0
10,Shai Gilgeous-Alexander,SG,9.25,1.2793914246196405,0.62,0.41,0.65,9.1025000000000000,0
10,Shai Gilgeous-Alexander,SG,14.43,1.5433155080213905,0.63,0.40,0.53,10.0150000000000000,1
10,Shai Gilgeous-Alexander,SG,13.02,0.8960770818995183,0.77,0.61,0.52,10.9575000000000000,0
10,Shai Gilgeous-Alexander,SG,8.8,0.6707317073170732,0.89,0.45,0.86,11.3750000000000000,0
10,Shai Gilgeous-Alexander,SG,10.47,1.1764044943820224,0.85,0.41,0.57,11.6800000000000000,0
10,Shai Gilgeous-Alexander,SG,9.64,0.9120151371807002,0.64,0.54,0.39,10.4825000000000000,0
10,Shai Gilgeous-Alexander,SG,11.7,1.2012320328542094,0.86,0.56,0.28,10.1525000000000000,0
10,Shai Gilgeous-Alexander,SG,11.99,1.0161016949152544,0.64,0.84,0.42,10.9500000000000000,1
10,Shai Gilgeous-Alexander,SG,10.04,0.8304383788254756,0.71,0.73,0.21,10.8425000000000000,0
10,Shai Gilgeous-Alexander,SG,6.98,0.68836291913215,0.93,0.80,0.32,10.1775000000000000,0
10,Shai Gilgeous-Alexander,SG,14.62,2.0,0.83,0.78,0.75,10.9075000000000000,0
10,Shai Gilgeous-Alexander,SG,9.44,0.6413043478260869,0.76,0.46,0.49,10.2700000000000000,0
10,Shai Gilgeous-Alexander,SG,8.13,0.8522012578616354,0.92,0.71,0.85,9.7925000000000000,1
10,Shai Gilgeous-Alexander,SG,11.52,1.3997569866342647,0.95,0.90,0.58,10.9275000000000000,0
10,Shai Gilgeous-Alexander,SG,9.32,0.8020654044750432,0.68,0.74,0.90,9.6025000000000000,1
10,Shai Gilgeous-Alexander,SG,7.73,0.8205944798301487,0.73,0.42,0.53,9.1750000000000000,0
10,Shai Gilgeous-Alexander,SG,11.58,1.4789272030651341,0.65,0.67,0.53,10.0375000000000000,1
10,Shai Gilgeous-Alexander,SG,12.79,1.0950342465753424,0.61,0.78,0.60,10.3550000000000000,0
10,Shai Gilgeous-Alexander,SG,10.42,0.8083785880527541,0.65,0.63,0.37,10.6300000000000000,0
10,Shai Gilgeous-Alexander,SG,13.06,1.241444866920152,0.84,0.47,0.53,11.9625000000000000,0
10,Shai Gilgeous-Alexander,SG,11.17,0.8487841945288753,0.60,0.66,0.60,11.8600000000000000,0
10,Shai Gilgeous-Alexander,SG,10.13,0.8988464951197872,0.79,0.58,0.81,11.1950000000000000,0
10,Shai Gilgeous-Alexander,SG,10.03,0.9804496578690126,0.83,0.73,0.64,11.0975000000000000,0
10,Shai Gilgeous-Alexander,SG,13.05,1.2882527147087859,0.64,0.48,0.79,11.0950000000000000,0
10,Shai Gilgeous-Alexander,SG,9.98,0.75893536121673,0.86,0.69,0.70,10.7975000000000000,1
10,Shai Gilgeous-Alexander,SG,11.09,1.1001984126984128,0.73,0.53,0.82,11.0375000000000000,0
10,Shai Gilgeous-Alexander,SG,7.4,0.6613047363717606,0.79,0.59,0.58,10.3800000000000000,1
10,Shai Gilgeous-Alexander,SG,12.8,1.7066666666666668,0.67,0.84,0.34,10.3175000000000000,0
11,Tyrese Haliburton,PG,10.75,0.9907834101382489,0.67,0.46,0.77,10.7500000000000000,0
11,Tyrese Haliburton,PG,9.49,0.8746543778801844,0.82,0.54,0.45,10.1200000000000000,0
11,Tyrese Haliburton,PG,11.05,1.1522419186652764,0.90,0.41,0.38,10.4300000000000000,0
11,Tyrese Haliburton,PG,9.25,0.8295964125560538,0.84,0.71,0.65,10.1350000000000000,0
11,Tyrese Haliburton,PG,11.44,1.223529411764706,0.61,0.90,0.59,10.3075000000000000,0
11,Tyrese Haliburton,PG,13.17,1.1412478336221838,0.73,0.93,0.54,11.2275000000000000,0
11,Tyrese Haliburton,PG,9.39,0.7076111529766391,0.67,0.87,0.37,10.8125000000000000,0
11,Tyrese Haliburton,PG,10.1,1.0642781875658587,0.86,0.59,0.50,11.0250000000000000,1
11,Tyrese Haliburton,PG,10.42,1.0215686274509805,0.80,0.91,0.32,10.7700000000000000,0
11,Tyrese Haliburton,PG,11.14,1.05893536121673,0.84,0.92,0.65,10.2625000000000000,0
11,Tyrese Haliburton,PG,10.46,0.9306049822064058,0.80,0.69,0.65,10.5300000000000000,0
11,Tyrese Haliburton,PG,7.77,0.7357954545454545,0.90,0.56,0.55,9.9475000000000000,0
11,Tyrese Haliburton,PG,8.59,1.09148665819568,0.80,0.80,0.50,9.4900000000000000,0
11,Tyrese Haliburton,PG,12.41,1.4280782508630612,0.94,0.88,0.85,9.8075000000000000,0
11,Tyrese Haliburton,PG,13.04,1.0423661071143084,0.83,0.67,0.23,10.4525000000000000,0
11,Tyrese Haliburton,PG,5.46,0.5,0.67,0.81,0.20,9.8750000000000000,0
11,Tyrese Haliburton,PG,9.7,1.7446043165467626,0.92,0.71,0.26,10.1525000000000000,0
11,Tyrese Haliburton,PG,11.37,1.160204081632653,0.74,0.82,0.71,9.8925000000000000,0
11,Tyrese Haliburton,PG,12.36,1.0775937227550132,0.78,0.66,0.64,9.7225000000000000,0
11,Tyrese Haliburton,PG,9.29,0.7455858747993579,0.89,0.79,0.68,10.6800000000000000,0
11,Tyrese Haliburton,PG,9.47,1.0085197018104368,0.67,0.82,0.69,10.6225000000000000,0
11,Tyrese Haliburton,PG,8.38,0.8756530825496344,0.80,0.82,0.71,9.8750000000000000,0
11,Tyrese Haliburton,PG,9.41,1.1096698113207546,0.88,0.70,0.53,9.1375000000000000,1
11,Tyrese Haliburton,PG,10.16,1.0683491062039958,0.84,0.76,0.85,9.3550000000000000,1
11,Tyrese Haliburton,PG,6.7,0.6530214424951267,0.78,0.67,0.69,8.6625000000000000,0
11,Tyrese Haliburton,PG,11.82,1.738235294117647,0.93,0.74,0.21,9.5225000000000000,1
11,Tyrese Haliburton,PG,6.82,0.5721476510067114,0.69,0.77,0.75,8.8750000000000000,0
11,Tyrese Haliburton,PG,10.57,1.527456647398844,0.79,0.72,0.55,8.9775000000000000,0
11,Tyrese Haliburton,PG,10.76,1.0084348641049672,0.87,0.61,0.37,9.9925000000000000,0
11,Tyrese Haliburton,PG,9.51,0.8756906077348067,0.81,0.84,0.78,9.4150000000000000,0
11,Tyrese Haliburton,PG,8.73,0.9084287200832467,0.86,0.52,0.60,9.8925000000000000,0
11,Tyrese Haliburton,PG,9.75,1.1041902604756513,0.82,0.65,0.38,9.6875000000000000,0
11,Tyrese Haliburton,PG,8.25,0.8375634517766498,0.88,0.92,0.37,9.0600000000000000,0
11,Tyrese Haliburton,PG,11.81,1.41437125748503,0.78,0.50,0.84,9.6350000000000000,1
11,Tyrese Haliburton,PG,11.09,0.9311502938706969,0.83,0.41,0.47,10.2250000000000000,0
11,Tyrese Haliburton,PG,11.24,1.0044682752457552,0.60,0.77,0.90,10.5975000000000000,0
11,Tyrese Haliburton,PG,8.4,0.7407407407407408,0.87,0.65,0.35,10.6350000000000000,0
11,Tyrese Haliburton,PG,11.47,1.3494117647058825,0.84,0.45,0.36,10.5500000000000000,0
11,Tyrese Haliburton,PG,7.62,0.658599827139153,0.77,0.73,0.53,9.6825000000000000,0
11,Tyrese Haliburton,PG,6.45,0.8354922279792747,0.88,0.85,0.25,8.4850000000000000,0
11,Tyrese Haliburton,PG,7.85,1.198473282442748,0.68,0.82,0.45,8.3475000000000000,0
11,Tyrese Haliburton,PG,9.13,1.148427672955975,0.73,0.56,0.56,7.7625000000000000,0
11,Tyrese Haliburton,PG,6.12,0.6630552546045504,0.80,0.49,0.32,7.3875000000000000,0
11,Tyrese Haliburton,PG,9.98,1.604501607717042,0.88,0.68,0.89,8.2700000000000000,0
11,Tyrese Haliburton,PG,10.35,1.0267857142857142,0.80,0.75,0.57,8.8950000000000000,0
11,Tyrese Haliburton,PG,9.24,0.8842105263157896,0.81,0.55,0.20,8.9225000000000000,0
11,Tyrese Haliburton,PG,9.89,1.0588865096359743,0.83,0.84,0.88,9.8650000000000000,0
11,Tyrese Haliburton,PG,8.6,0.8608608608608608,0.68,0.51,0.63,9.5200000000000000,1
11,Tyrese Haliburton,PG,9.97,1.1459770114942531,0.70,0.53,0.52,9.4250000000000000,0
11,Tyrese Haliburton,PG,13.67,1.3574975173783514,0.85,0.62,0.33,10.5325000000000000,0
11,Tyrese Haliburton,PG,10.18,0.739288307915759,0.90,0.59,0.56,10.6050000000000000,0
11,Tyrese Haliburton,PG,7.69,0.7480544747081713,0.78,0.61,0.63,10.3775000000000000,0
12,Paolo Banchero,SF,11.13,0.9910952804986644,0.94,0.44,0.64,11.1300000000000000,1
12,Paolo Banchero,SF,8.67,0.7720391807658058,0.67,0.61,0.60,9.9000000000000000,0
12,Paolo Banchero,SF,12.36,1.4093500570125428,0.73,0.42,0.75,10.7200000000000000,0
12,Paolo Banchero,SF,6.9,0.5537720706260033,0.91,0.79,0.73,9.7650000000000000,0
12,Paolo Banchero,SF,7.08,1.0114285714285713,0.85,0.90,0.87,8.7525000000000000,0
12,Paolo Banchero,SF,13.57,1.8899721448467968,0.68,0.56,0.39,9.9775000000000000,1
12,Paolo Banchero,SF,12.67,0.9268471104608632,0.87,0.71,0.73,10.0550000000000000,0
12,Paolo Banchero,SF,8.7,0.6812842599843383,0.78,0.71,0.40,10.5050000000000000,0
12,Paolo Banchero,SF,9.74,1.106818181818182,0.75,0.43,0.39,11.1700000000000000,0
12,Paolo Banchero,SF,10.87,1.1046747967479673,0.61,0.63,0.76,10.4950000000000000,1
12,Paolo Banchero,SF,10.42,0.9498632634457612,0.88,0.47,0.89,9.9325000000000000,0
12,Paolo Banchero,SF,11.86,1.1273764258555132,0.78,0.79,0.26,10.7225000000000000,0
12,Paolo Banchero,SF,11.83,0.9891304347826088,0.73,0.89,0.65,11.2450000000000000,0
12,Paolo Banchero,SF,7.85,0.6580050293378038,0.92,0.65,0.20,10.4900000000000000,0
12,Paolo Banchero,SF,6.85,0.8616352201257862,0.89,0.81,0.44,9.5975000000000000,0
12,Paolo Banchero,SF,9.98,1.4359712230215829,0.81,0.80,0.66,9.1275000000000000,0
12,Paolo Banchero,SF,9.96,0.9880952380952381,0.94,0.47,0.32,8.6600000000000000,0
12,Paolo Banchero,SF,8.65,0.8598409542743539,0.87,0.55,0.37,8.8600000000000000,1
12,Paolo Banchero,SF,5.69,0.6502857142857144,0.61,0.79,0.50,8.5700000000000000,0
12,Paolo Banchero,SF,7.66,1.3229706390328153,0.95,0.62,0.81,7.9900000000000000,0
12,Paolo Banchero,SF,6.88,0.8865979381443299,0.89,0.71,0.67,7.2200000000000000,0
12,Paolo Banchero,SF,14.9,2.0,0.67,0.67,0.89,8.7825000000000000,0
12,Paolo Banchero,SF,7.71,0.514,0.69,0.68,0.79,9.2875000000000000,1
12,Paolo Banchero,SF,7.79,0.9974391805377721,0.87,0.67,0.79,9.3200000000000000,0
12,Paolo Banchero,SF,9.99,1.2661596958174905,0.91,0.80,0.46,10.0975000000000000,0
12,Paolo Banchero,SF,11.93,1.182358771060456,0.69,0.80,0.72,9.3550000000000000,0
12,Paolo Banchero,SF,7.51,0.6242726517040732,0.63,0.41,0.48,9.3050000000000000,1
12,Paolo Banchero,SF,10.6,1.392904073587385,0.77,0.80,0.85,10.0075000000000000,0
12,Paolo Banchero,SF,11.7,1.0934579439252337,0.90,0.47,0.27,10.4350000000000000,0
12,Paolo Banchero,SF,8.31,0.7042372881355933,0.87,0.57,0.63,9.5300000000000000,1
12,Paolo Banchero,SF,10.23,1.21640903686088,0.84,0.63,0.23,10.2100000000000000,0
12,Paolo Banchero,SF,7.84,0.7589545014520813,0.75,0.70,0.46,9.5200000000000000,0
12,Paolo Banchero,SF,12.92,1.6272040302267003,0.89,0.70,0.52,9.8250000000000000,0
12,Paolo Banchero,SF,13.42,1.0307219662058371,0.81,0.55,0.25,11.1025000000000000,0
12,Paolo Banchero,SF,9.71,0.7181952662721894,0.66,0.62,0.87,10.9725000000000000,0
12,Paolo Banchero,SF,8.6,0.8766564729867481,0.61,0.51,0.59,11.1625000000000000,1
12,Paolo Banchero,SF,11.87,1.3643678160919541,0.91,0.56,0.37,10.9000000000000000,0
12,Paolo Banchero,SF,7.2,0.6015037593984963,0.64,0.85,0.87,9.3450000000000000,0
12,Paolo Banchero,SF,7.9,1.082191780821918,0.79,0.49,0.69,8.8925000000000000,0
12,Paolo Banchero,SF,10.7,1.3375,0.94,0.86,0.47,9.4175000000000000,0
12,Paolo Banchero,SF,9.39,0.8694444444444446,0.77,0.49,0.62,8.7975000000000000,0
12,Paolo Banchero,SF,7.7,0.8113804004214963,0.83,0.77,0.56,8.9225000000000000,0
12,Paolo Banchero,SF,10.8,1.3846153846153848,0.75,0.74,0.59,9.6475000000000000,0
12,Paolo Banchero,SF,8.91,0.8174311926605504,0.62,0.84,0.79,9.2000000000000000,0
12,Paolo Banchero,SF,11.32,1.2563817980022198,0.92,0.48,0.50,9.6825000000000000,0
12,Paolo Banchero,SF,8.57,0.7504378283712785,0.78,0.57,0.65,9.9000000000000000,0
12,Paolo Banchero,SF,10.45,1.2053056516724336,0.76,0.44,0.54,9.8125000000000000,0
12,Paolo Banchero,SF,11.8,1.118483412322275,0.88,0.67,0.34,10.5350000000000000,0
12,Paolo Banchero,SF,7.62,0.6403361344537815,0.89,0.83,0.46,9.6100000000000000,0
12,Paolo Banchero,SF,10.37,1.343264248704663,0.75,0.52,0.55,10.0600000000000000,0
12,Paolo Banchero,SF,11.38,1.086914995224451,0.92,0.83,0.70,10.2925000000000000,0
12,Paolo Banchero,SF,7.99,0.695993031358885,0.82,0.76,0.87,9.3400000000000000,0
13,Donovan Mitchell,SG,11.16,0.9911190053285969,0.65,0.80,0.87,11.1600000000000000,0
13,Donovan Mitchell,SG,9.91,0.8801065719360569,0.64,0.62,0.66,10.5350000000000000,0
13,Donovan Mitchell,SG,7.44,0.7432567432567433,0.76,0.45,0.67,9.5033333333333333,0
13,Donovan Mitchell,SG,11.55,1.5318302387267906,0.69,0.93,0.76,10.0150000000000000,0
13,Donovan Mitchell,SG,10.69,0.9175965665236051,0.70,0.75,0.64,9.8975000000000000,0
13,Donovan Mitchell,SG,10.3,0.9545875810936053,0.62,0.64,0.80,9.9950000000000000,0
13,Donovan Mitchell,SG,10.34,0.9942307692307691,0.73,0.45,0.21,10.7200000000000000,0
13,Donovan Mitchell,SG,14.25,1.3649425287356323,0.94,0.90,0.36,11.3950000000000000,0
13,Donovan Mitchell,SG,11.05,0.770034843205575,0.62,0.87,0.84,11.4850000000000000,1
13,Donovan Mitchell,SG,11.22,1.0062780269058296,0.72,0.43,0.74,11.7150000000000000,0
13,Donovan Mitchell,SG,10.69,0.9443462897526501,0.65,0.94,0.45,11.8025000000000000,0
13,Donovan Mitchell,SG,12.23,1.133456904541242,0.88,0.86,0.36,11.2975000000000000,1
13,Donovan Mitchell,SG,7.4,0.6001622060016221,0.77,0.41,0.67,10.3850000000000000,0
13,Donovan Mitchell,SG,11.13,1.4840000000000002,0.95,0.61,0.21,10.3625000000000000,1
13,Donovan Mitchell,SG,13.75,1.2243989314336599,0.75,0.61,0.73,11.1275000000000000,0
13,Donovan Mitchell,SG,7.31,0.527797833935018,0.80,0.79,0.89,9.8975000000000000,0
13,Donovan Mitchell,SG,9.25,1.2483130904183537,0.89,0.40,0.77,10.3600000000000000,0
13,Donovan Mitchell,SG,7.82,0.8363636363636364,0.60,0.88,0.75,9.5325000000000000,0
13,Donovan Mitchell,SG,11.43,1.4431818181818181,0.64,0.86,0.89,8.9525000000000000,1
13,Donovan Mitchell,SG,10.24,0.8881179531656549,0.93,0.56,0.78,9.6850000000000000,1
13,Donovan Mitchell,SG,8.86,0.8568665377176015,0.65,0.56,0.53,9.5875000000000000,0
13,Donovan Mitchell,SG,7.73,0.8627232142857144,0.82,0.76,0.55,9.5650000000000000,1
13,Donovan Mitchell,SG,9.27,1.1839080459770115,0.79,0.43,0.72,9.0250000000000000,0
13,Donovan Mitchell,SG,12.58,1.3425827107790822,0.92,0.93,0.23,9.6100000000000000,0
13,Donovan Mitchell,SG,10.63,0.8383280757097793,0.69,0.80,0.75,10.0525000000000000,0
13,Donovan Mitchell,SG,6.74,0.6281453867660765,0.84,0.90,0.35,9.8050000000000000,0
13,Donovan Mitchell,SG,13.3,1.9444444444444446,0.91,0.50,0.40,10.8125000000000000,0
13,Donovan Mitchell,SG,10.91,0.8141791044776119,0.86,0.48,0.76,10.3950000000000000,0
13,Donovan Mitchell,SG,8.53,0.7747502270663034,0.87,0.64,0.32,9.8700000000000000,0
13,Donovan Mitchell,SG,10.29,1.1923522595596756,0.68,0.67,0.58,10.7575000000000000,0
13,Donovan Mitchell,SG,11.17,1.0750721847930704,0.65,0.86,0.50,10.2250000000000000,1
13,Donovan Mitchell,SG,11.2,0.9937888198757764,0.90,0.44,0.86,10.2975000000000000,0
13,Donovan Mitchell,SG,12.14,1.074336283185841,0.84,0.57,0.41,11.2000000000000000,1
13,Donovan Mitchell,SG,10.99,0.8978758169934641,0.93,0.89,0.58,11.3750000000000000,1
13,Donovan Mitchell,SG,9.12,0.8223624887285842,0.62,0.53,0.58,10.8625000000000000,0
13,Donovan Mitchell,SG,9.18,0.9956616052060738,0.76,0.85,0.82,10.3575000000000000,0
13,Donovan Mitchell,SG,10.86,1.1702586206896552,0.60,0.65,0.38,10.0375000000000000,0
13,Donovan Mitchell,SG,9.6,0.8759124087591241,0.67,0.90,0.81,9.6900000000000000,0
13,Donovan Mitchell,SG,10.17,1.0484536082474227,0.94,0.48,0.48,9.9525000000000000,0
13,Donovan Mitchell,SG,9.03,0.8792599805258032,0.87,0.73,0.59,9.9150000000000000,0
13,Donovan Mitchell,SG,10.5,1.150054764512596,0.81,0.63,0.54,9.8250000000000000,0
13,Donovan Mitchell,SG,11.89,1.1216981132075472,0.86,0.48,0.21,10.3975000000000000,1
13,Donovan Mitchell,SG,10.03,0.8365304420350291,0.89,0.65,0.45,10.3625000000000000,0
13,Donovan Mitchell,SG,11.19,1.1046396841066142,0.66,0.73,0.87,10.9025000000000000,0
13,Donovan Mitchell,SG,11.85,1.049601417183348,0.62,0.44,0.41,11.2400000000000000,0
13,Donovan Mitchell,SG,7.81,0.6535564853556486,0.87,0.74,0.82,10.2200000000000000,0
13,Donovan Mitchell,SG,9.52,1.2035398230088497,0.77,0.92,0.30,10.0925000000000000,0
13,Donovan Mitchell,SG,7.11,0.7390852390852392,0.77,0.46,0.45,9.0725000000000000,0
13,Donovan Mitchell,SG,8.47,1.1747572815533982,0.79,0.86,0.32,8.2275000000000000,0
13,Donovan Mitchell,SG,8.86,1.0338389731621935,0.61,0.91,0.55,8.4900000000000000,0
13,Donovan Mitchell,SG,8.6,0.9598214285714286,0.62,0.50,0.63,8.2600000000000000,0
13,Donovan Mitchell,SG,9.22,1.059770114942529,0.93,0.57,0.40,8.7875000000000000,0
14,Kawhi Leonard,SF,8.27,0.9880525686977301,0.72,0.80,0.62,8.2700000000000000,0
14,Kawhi Leonard,SF,7.98,0.9534050179211471,0.80,0.42,0.46,8.1250000000000000,0
14,Kawhi Leonard,SF,9.19,1.1373762376237624,0.72,0.92,0.36,8.4800000000000000,0
14,Kawhi Leonard,SF,11.87,1.2777179763186222,0.68,0.49,0.55,9.3275000000000000,0
14,Kawhi Leonard,SF,10.84,0.9055973266499583,0.82,0.77,0.22,9.9700000000000000,0
14,Kawhi Leonard,SF,5.68,0.5191956124314442,0.63,0.41,0.32,9.3950000000000000,0
14,Kawhi Leonard,SF,11.47,1.984429065743945,0.67,0.65,0.84,9.9650000000000000,0
14,Kawhi Leonard,SF,8.88,0.7675021607605877,0.85,0.68,0.70,9.2175000000000000,0
14,Kawhi Leonard,SF,11.12,1.238307349665924,0.90,0.87,0.42,9.2875000000000000,0
14,Kawhi Leonard,SF,10.25,0.913547237076649,0.94,0.45,0.46,10.4300000000000000,1
14,Kawhi Leonard,SF,7.78,0.7516908212560387,0.82,0.80,0.70,9.5075000000000000,0
14,Kawhi Leonard,SF,9.44,1.1979695431472082,0.66,0.57,0.31,9.6475000000000000,0
14,Kawhi Leonard,SF,11.12,1.1656184486373167,0.85,0.48,0.26,9.6475000000000000,1
14,Kawhi Leonard,SF,13.54,1.2067736185383244,0.63,0.53,0.83,10.4700000000000000,1
14,Kawhi Leonard,SF,10.95,0.8027859237536658,0.79,0.92,0.74,11.2625000000000000,0
14,Kawhi Leonard,SF,13.81,1.2497737556561088,0.60,0.63,0.62,12.3550000000000000,1
14,Kawhi Leonard,SF,11.38,0.8181164629762762,0.61,0.91,0.39,12.4200000000000000,0
14,Kawhi Leonard,SF,4.49,0.5,0.77,0.87,0.51,10.1575000000000000,0
14,Kawhi Leonard,SF,8.5,1.8518518518518519,0.78,0.64,0.38,9.5450000000000000,0
14,Kawhi Leonard,SF,11.29,1.3127906976744186,0.93,0.61,0.67,8.9150000000000000,0
14,Kawhi Leonard,SF,10.51,0.9227392449517121,0.81,0.41,0.61,8.6975000000000000,0
14,Kawhi Leonard,SF,10.35,0.9754948162111216,0.88,0.72,0.57,10.1625000000000000,0
14,Kawhi Leonard,SF,10.52,1.0066985645933015,0.65,0.82,0.35,10.6675000000000000,0
14,Kawhi Leonard,SF,11.67,1.0988700564971752,0.83,0.85,0.57,10.7625000000000000,1
14,Kawhi Leonard,SF,10.24,0.8700084961767205,0.84,0.64,0.48,10.6950000000000000,0
14,Kawhi Leonard,SF,12.87,1.2446808510638296,0.71,0.94,0.23,11.3250000000000000,0
14,Kawhi Leonard,SF,8.6,0.6630686198920587,0.80,0.58,0.55,10.8450000000000000,0
14,Kawhi Leonard,SF,6.65,0.7643678160919541,0.82,0.51,0.34,9.5900000000000000,0
14,Kawhi Leonard,SF,12.23,1.8118518518518518,0.81,0.88,0.22,10.0875000000000000,0
14,Kawhi Leonard,SF,6.59,0.5344687753446877,0.74,0.48,0.58,8.5175000000000000,0
14,Kawhi Leonard,SF,10.84,1.6203288490284007,0.93,0.62,0.37,9.0775000000000000,1
14,Kawhi Leonard,SF,11.91,1.0886654478976234,0.77,0.92,0.54,10.3925000000000000,0
14,Kawhi Leonard,SF,9.0,0.7493755203996669,0.87,0.48,0.42,9.5850000000000000,0
14,Kawhi Leonard,SF,8.03,0.8824175824175824,0.83,0.72,0.27,9.9450000000000000,1
14,Kawhi Leonard,SF,11.81,1.4526445264452648,0.91,0.44,0.61,10.1875000000000000,0
14,Kawhi Leonard,SF,8.46,0.7103274559193955,0.77,0.54,0.62,9.3250000000000000,0
14,Kawhi Leonard,SF,8.4,0.9813084112149533,0.88,0.57,0.89,9.1750000000000000,0
14,Kawhi Leonard,SF,10.63,1.2505882352941178,0.85,0.78,0.78,9.8250000000000000,0
14,Kawhi Leonard,SF,10.57,0.9850885368126747,0.89,0.52,0.85,9.5150000000000000,1
14,Kawhi Leonard,SF,13.13,1.2305529522024368,0.73,0.81,0.21,10.6825000000000000,1
14,Kawhi Leonard,SF,7.29,0.5510204081632653,0.87,0.43,0.57,10.4050000000000000,0
14,Kawhi Leonard,SF,6.88,0.9309878213802436,0.65,0.46,0.75,9.4675000000000000,0
14,Kawhi Leonard,SF,9.45,1.353868194842407,0.62,0.41,0.34,9.1875000000000000,0
14,Kawhi Leonard,SF,10.81,1.1319371727748693,0.64,0.51,0.20,8.6075000000000000,0
14,Kawhi Leonard,SF,7.78,0.7131072410632447,0.63,0.79,0.27,8.7300000000000000,1
14,Kawhi Leonard,SF,8.79,1.115482233502538,0.79,0.86,0.30,9.2075000000000000,0
14,Kawhi Leonard,SF,9.81,1.1034870641169856,0.66,0.78,0.32,9.2975000000000000,0
14,Kawhi Leonard,SF,9.56,0.9646821392532795,0.79,0.41,0.61,8.9850000000000000,0
14,Kawhi Leonard,SF,7.91,0.8188405797101449,0.92,0.89,0.44,9.0175000000000000,0
14,Kawhi Leonard,SF,6.2,0.7740324594257179,0.63,0.42,0.42,8.3700000000000000,0
14,Kawhi Leonard,SF,10.62,1.6857142857142857,0.91,0.69,0.47,8.5725000000000000,1
14,Kawhi Leonard,SF,11.59,1.0811567164179106,0.69,0.83,0.66,9.0800000000000000,0
15,Nikola Jokic,C,8.93,0.9889258028792913,0.75,0.84,0.81,8.9300000000000000,0
15,Nikola Jokic,C,10.23,1.1328903654485052,0.83,0.42,0.32,9.5800000000000000,0
15,Nikola Jokic,C,11.02,1.0667957405614714,0.92,0.50,0.82,10.0600000000000000,0
15,Nikola Jokic,C,10.1,0.908273381294964,0.88,0.69,0.21,10.0700000000000000,1
15,Nikola Jokic,C,9.47,0.9284313725490198,0.63,0.91,0.34,10.2050000000000000,0
15,Nikola Jokic,C,10.4,1.0867293625914316,0.71,0.51,0.29,10.2475000000000000,0
15,Nikola Jokic,C,12.83,1.2219047619047618,0.62,0.66,0.41,10.7000000000000000,0
15,Nikola Jokic,C,8.12,0.6279969064191802,0.78,0.72,0.45,10.2050000000000000,0
15,Nikola Jokic,C,11.67,1.4197080291970805,0.82,0.72,0.50,10.7550000000000000,0
15,Nikola Jokic,C,15.64,1.328802039082413,0.93,0.42,0.87,12.0650000000000000,0
15,Nikola Jokic,C,9.45,0.6003811944091486,0.70,0.86,0.46,11.2200000000000000,0
15,Nikola Jokic,C,13.23,1.3853403141361258,0.69,0.46,0.22,12.4975000000000000,0
15,Nikola Jokic,C,11.65,0.8739684921230307,0.70,0.59,0.52,12.4925000000000000,0
15,Nikola Jokic,C,14.41,1.2263829787234042,0.74,0.87,0.61,12.1850000000000000,0
15,Nikola Jokic,C,12.27,0.8456237077877325,0.86,0.48,0.54,12.8900000000000000,0
15,Nikola Jokic,C,10.53,0.8512530315278901,0.64,0.55,0.78,12.2150000000000000,0
15,Nikola Jokic,C,9.03,0.8494825964252117,0.92,0.53,0.34,11.5600000000000000,0
15,Nikola Jokic,C,11.87,1.3001095290251918,0.89,0.81,0.65,10.9250000000000000,1
15,Nikola Jokic,C,11.93,0.9966583124477862,0.61,0.90,0.69,10.8400000000000000,1
15,Nikola Jokic,C,10.49,0.8719866999168745,0.77,0.43,0.52,10.8300000000000000,0
15,Nikola Jokic,C,8.86,0.8366383380547686,0.64,0.62,0.66,10.7875000000000000,1
15,Nikola Jokic,C,10.53,1.1752232142857144,0.75,0.79,0.81,10.4525000000000000,0
15,Nikola Jokic,C,10.16,0.9557855126999061,0.60,0.42,0.78,10.0100000000000000,1
15,Nikola Jokic,C,12.08,1.1773879142300194,0.65,0.86,0.55,10.4075000000000000,0
15,Nikola Jokic,C,10.82,0.8883415435139573,0.70,0.85,0.47,10.8975000000000000,0
15,Nikola Jokic,C,9.58,0.8772893772893773,0.77,0.52,0.33,10.6600000000000000,0
15,Nikola Jokic,C,10.05,1.038223140495868,0.94,0.70,0.32,10.6325000000000000,0
15,Nikola Jokic,C,10.97,1.0807881773399015,0.79,0.69,0.44,10.3550000000000000,0
15,Nikola Jokic,C,10.53,0.9512195121951219,0.64,0.51,0.66,10.2825000000000000,0
15,Nikola Jokic,C,7.9,0.7431796801505175,0.91,0.90,0.80,9.8625000000000000,0
15,Nikola Jokic,C,11.51,1.43875,0.87,0.87,0.21,10.2275000000000000,0
15,Nikola Jokic,C,10.14,0.8733850129198968,0.91,0.90,0.35,10.0200000000000000,0
15,Nikola Jokic,C,11.06,1.080078125,0.65,0.85,0.32,10.1525000000000000,0
15,Nikola Jokic,C,8.88,0.7956989247311829,0.82,0.90,0.74,10.3975000000000000,0
15,Nikola Jokic,C,13.4,1.4922048997772828,0.65,0.64,0.47,10.8700000000000000,1
15,Nikola Jokic,C,8.41,0.6229629629629629,0.74,0.68,0.34,10.4375000000000000,1
15,Nikola Jokic,C,7.91,0.9294947121034078,0.67,0.73,0.33,9.6500000000000000,0
15,Nikola Jokic,C,11.26,1.4057428214731587,0.87,0.80,0.55,10.2450000000000000,0
15,Nikola Jokic,C,7.65,0.6734154929577465,0.82,0.93,0.40,8.8075000000000000,0
15,Nikola Jokic,C,5.65,0.7290322580645162,0.75,0.44,0.51,8.1175000000000000,0
15,Nikola Jokic,C,7.34,1.2765217391304347,0.67,0.72,0.28,7.9750000000000000,1
15,Nikola Jokic,C,11.54,1.5510752688172043,0.74,0.62,0.56,8.0450000000000000,0
15,Nikola Jokic,C,9.03,0.7757731958762887,0.95,0.76,0.70,8.3900000000000000,0
15,Nikola Jokic,C,9.7,1.0624315443592551,0.92,0.49,0.23,9.4025000000000000,1
15,Nikola Jokic,C,10.63,1.0846938775510206,0.79,0.63,0.52,10.2250000000000000,0
15,Nikola Jokic,C,11.42,1.06430568499534,0.89,0.63,0.45,10.1950000000000000,0
15,Nikola Jokic,C,12.85,1.1154513888888888,0.94,0.41,0.83,11.1500000000000000,0
15,Nikola Jokic,C,11.98,0.9250965250965252,0.63,0.48,0.62,11.7200000000000000,0
15,Nikola Jokic,C,11.03,0.9130794701986754,0.67,0.91,0.38,11.8200000000000000,0
15,Nikola Jokic,C,11.37,1.0215633423180592,0.72,0.67,0.61,11.8075000000000000,0
15,Nikola Jokic,C,11.21,0.9773321708805581,0.78,0.78,0.89,11.3975000000000000,1
15,Nikola Jokic,C,13.43,1.187444739168877,0.65,0.78,0.50,11.7600000000000000,0
16,Karl-Anthony Towns,C,8.03,0.98769987699877,0.78,0.78,0.84,8.0300000000000000,1
16,Karl-Anthony Towns,C,7.14,0.878228782287823,0.72,0.91,0.59,7.5850000000000000,0
16,Karl-Anthony Towns,C,8.97,1.2389502762430942,0.62,0.41,0.42,8.0466666666666667,0
16,Karl-Anthony Towns,C,12.69,1.3991179713340682,0.67,0.48,0.71,9.2075000000000000,1
16,Karl-Anthony Towns,C,9.97,0.7795152462861612,0.76,0.79,0.69,9.6925000000000000,0
16,Karl-Anthony Towns,C,8.35,0.8291956305858986,0.81,0.61,0.86,9.9950000000000000,0
16,Karl-Anthony Towns,C,9.13,1.0804733727810654,0.71,0.86,0.58,10.0350000000000000,0
16,Karl-Anthony Towns,C,6.4,0.6933911159263272,0.73,0.41,0.40,8.4625000000000000,1
16,Karl-Anthony Towns,C,9.47,1.456923076923077,0.74,0.55,0.48,8.3375000000000000,0
16,Karl-Anthony Towns,C,8.14,0.8505747126436782,0.89,0.62,0.62,8.2850000000000000,0
16,Karl-Anthony Towns,C,7.36,0.8932038834951457,0.90,0.87,0.33,7.8425000000000000,0
16,Karl-Anthony Towns,C,12.32,1.6514745308310992,0.73,0.83,0.83,9.3225000000000000,1
16,Karl-Anthony Towns,C,7.96,0.6409017713365539,0.86,0.68,0.22,8.9450000000000000,1
16,Karl-Anthony Towns,C,9.64,1.196029776674938,0.70,0.53,0.66,9.3200000000000000,1
16,Karl-Anthony Towns,C,10.78,1.1067761806981518,0.87,0.61,0.54,10.1750000000000000,0
16,Karl-Anthony Towns,C,10.96,1.0073529411764708,0.72,0.62,0.37,9.8350000000000000,0
16,Karl-Anthony Towns,C,8.88,0.8028933092224232,0.62,0.73,0.82,10.0650000000000000,0
16,Karl-Anthony Towns,C,10.89,1.212694877505568,0.72,0.50,0.64,10.3775000000000000,0
16,Karl-Anthony Towns,C,11.13,1.0127388535031847,0.64,0.89,0.89,10.4650000000000000,0
16,Karl-Anthony Towns,C,10.99,0.9786286731967943,0.78,0.68,0.85,10.4725000000000000,0
16,Karl-Anthony Towns,C,12.62,1.1379621280432821,0.68,0.91,0.80,11.4075000000000000,0
16,Karl-Anthony Towns,C,9.55,0.7507861635220127,0.62,0.59,0.36,11.0725000000000000,0
16,Karl-Anthony Towns,C,13.22,1.3699481865284975,0.84,0.70,0.28,11.5950000000000000,0
16,Karl-Anthony Towns,C,11.16,0.8378378378378378,0.77,0.69,0.68,11.6375000000000000,0
16,Karl-Anthony Towns,C,7.83,0.6953818827708703,0.88,0.59,0.42,10.4400000000000000,0
16,Karl-Anthony Towns,C,13.18,1.6620428751576293,0.66,0.55,0.76,11.3475000000000000,0
16,Karl-Anthony Towns,C,9.91,0.7462349397590362,0.67,0.43,0.32,10.5200000000000000,1
16,Karl-Anthony Towns,C,9.98,0.9970029970029971,0.63,0.50,0.82,10.2250000000000000,0
16,Karl-Anthony Towns,C,9.9,0.9821428571428572,0.89,0.65,0.58,10.7425000000000000,0
16,Karl-Anthony Towns,C,8.6,0.86,0.64,0.66,0.68,9.5975000000000000,0
16,Karl-Anthony Towns,C,6.66,0.7655172413793104,0.78,0.94,0.55,8.7850000000000000,1
16,Karl-Anthony Towns,C,9.74,1.440828402366864,0.63,0.82,0.85,8.7250000000000000,0
16,Karl-Anthony Towns,C,12.38,1.2581300813008132,0.63,0.86,0.87,9.3450000000000000,0
16,Karl-Anthony Towns,C,11.31,0.90625,0.70,0.62,0.80,10.0225000000000000,0
16,Karl-Anthony Towns,C,8.44,0.7397020157756353,0.66,0.81,0.57,10.4675000000000000,0
16,Karl-Anthony Towns,C,9.66,1.1311475409836067,0.62,0.84,0.44,10.4475000000000000,0
16,Karl-Anthony Towns,C,6.27,0.6424180327868853,0.91,0.86,0.56,8.9200000000000000,0
16,Karl-Anthony Towns,C,9.55,1.4992150706436425,0.77,0.77,0.31,8.4800000000000000,0
16,Karl-Anthony Towns,C,9.6,0.9948186528497409,0.92,0.77,0.36,8.7700000000000000,0
16,Karl-Anthony Towns,C,8.77,0.9041237113402062,0.90,0.68,0.84,8.5475000000000000,0
16,Karl-Anthony Towns,C,7.91,0.8917700112739573,0.84,0.47,0.34,8.9575000000000000,0
16,Karl-Anthony Towns,C,8.31,1.0374531835205993,0.79,0.48,0.89,8.6475000000000000,0
16,Karl-Anthony Towns,C,10.15,1.206896551724138,0.74,0.61,0.37,8.7850000000000000,0
16,Karl-Anthony Towns,C,9.49,0.9258536585365854,0.86,0.62,0.33,8.9650000000000000,1
16,Karl-Anthony Towns,C,10.34,1.078206465067779,0.81,0.75,0.59,9.5725000000000000,0
16,Karl-Anthony Towns,C,10.85,1.039272030651341,0.79,0.64,0.46,10.2075000000000000,1
16,Karl-Anthony Towns,C,11.06,1.0100456621004568,0.80,0.74,0.41,10.4350000000000000,0
16,Karl-Anthony Towns,C,8.52,0.7634408602150538,0.71,0.83,0.73,10.1925000000000000,0
16,Karl-Anthony Towns,C,13.5,1.5661252900232019,0.80,0.83,0.27,10.9825000000000000,0
16,Karl-Anthony Towns,C,8.22,0.6044117647058824,0.94,0.88,0.45,10.3250000000000000,0
16,Karl-Anthony Towns,C,8.92,1.0721153846153846,0.73,0.60,0.63,9.7900000000000000,0
16,Karl-Anthony Towns,C,7.53,0.8348115299334812,0.82,0.79,0.29,9.5425000000000000,0
17,Anthony Davis,PF,11.79,0.9915895710681245,0.83,0.90,0.66,11.7900000000000000,1
17,Anthony Davis,PF,10.16,0.8544995794785535,0.75,0.73,0.22,10.9750000000000000,0
17,Anthony Davis,PF,11.13,1.084795321637427,0.71,0.78,0.67,11.0266666666666667,0
17,Anthony Davis,PF,9.91,0.8824577025823687,0.74,0.80,0.23,10.7475000000000000,0
17,Anthony Davis,PF,12.66,1.2647352647352648,0.89,0.94,0.32,10.9650000000000000,1
17,Anthony Davis,PF,7.7,0.603448275862069,0.77,0.82,0.89,10.3500000000000000,0
17,Anthony Davis,PF,11.43,1.4653846153846153,0.82,0.85,0.55,10.4250000000000000,1
17,Anthony Davis,PF,12.53,1.0867302688638334,0.68,0.81,0.58,11.0800000000000000,1
17,Anthony Davis,PF,10.0,0.7917656373713381,0.69,0.59,0.80,10.4150000000000000,0
17,Anthony Davis,PF,12.23,1.210891089108911,0.67,0.86,0.44,11.5475000000000000,0
17,Anthony Davis,PF,11.37,0.9221411192214112,0.65,0.75,0.44,11.5325000000000000,0
17,Anthony Davis,PF,9.55,0.832606800348736,0.89,0.69,0.43,10.7875000000000000,0
17,Anthony Davis,PF,7.6,0.7875647668393781,0.65,0.83,0.41,10.1875000000000000,0
17,Anthony Davis,PF,13.85,1.798701298701299,0.71,0.84,0.59,10.5925000000000000,0
17,Anthony Davis,PF,8.16,0.5849462365591398,0.81,0.86,0.87,9.7900000000000000,0
17,Anthony Davis,PF,9.68,1.171912832929782,0.70,0.70,0.45,9.8225000000000000,0
17,Anthony Davis,PF,10.03,1.025562372188139,0.63,0.62,0.75,10.4300000000000000,0
17,Anthony Davis,PF,12.02,1.1865745310957552,0.92,0.77,0.51,9.9725000000000000,0
17,Anthony Davis,PF,13.1,1.080858085808581,0.80,0.70,0.73,11.2075000000000000,1
17,Anthony Davis,PF,9.91,0.7507575757575758,0.69,0.43,0.62,11.2650000000000000,0
17,Anthony Davis,PF,12.18,1.2167832167832169,0.83,0.83,0.38,11.8025000000000000,0
17,Anthony Davis,PF,9.14,0.7442996742671011,0.88,0.62,0.70,11.0825000000000000,0
17,Anthony Davis,PF,4.53,0.5,0.85,0.80,0.61,8.9400000000000000,0
17,Anthony Davis,PF,11.29,2.0,0.95,0.59,0.47,9.2850000000000000,0
17,Anthony Davis,PF,6.51,0.5715539947322212,0.94,0.45,0.32,7.8675000000000000,0
17,Anthony Davis,PF,12.17,1.8411497730711046,0.90,0.81,0.62,8.6250000000000000,0
17,Anthony Davis,PF,6.67,0.5436022819885901,0.84,0.44,0.69,9.1600000000000000,0
17,Anthony Davis,PF,4.44,0.6558345642540622,0.82,0.51,0.86,7.4475000000000000,0
17,Anthony Davis,PF,11.25,2.0,0.81,0.53,0.36,8.6325000000000000,0
17,Anthony Davis,PF,11.05,0.9735682819383261,0.67,0.82,0.73,8.3525000000000000,0
17,Anthony Davis,PF,11.42,1.0242152466367713,0.75,0.56,0.34,9.5400000000000000,1
17,Anthony Davis,PF,8.7,0.7552083333333333,0.66,0.78,0.84,10.6050000000000000,0
17,Anthony Davis,PF,9.14,1.0386363636363638,0.92,0.45,0.60,10.0775000000000000,0
17,Anthony Davis,PF,8.27,0.8950216450216449,0.70,0.81,0.49,9.3825000000000000,0
17,Anthony Davis,PF,9.28,1.108721624850657,0.91,0.54,0.21,8.8475000000000000,0
17,Anthony Davis,PF,15.24,1.6247334754797442,0.69,0.41,0.41,10.4825000000000000,0
17,Anthony Davis,PF,8.35,0.5443285528031291,0.80,0.89,0.74,10.2850000000000000,0
17,Anthony Davis,PF,8.2,0.9704142011834319,0.80,0.65,0.49,10.2675000000000000,0
17,Anthony Davis,PF,10.33,1.2445783132530122,0.80,0.81,0.28,10.5300000000000000,0
17,Anthony Davis,PF,7.86,0.7535953978907,0.72,0.45,0.43,8.6850000000000000,0
17,Anthony Davis,PF,9.44,1.185929648241206,0.86,0.56,0.48,8.9575000000000000,0
17,Anthony Davis,PF,9.15,0.959119496855346,0.95,0.81,0.57,9.1950000000000000,0
17,Anthony Davis,PF,9.4,1.0162162162162163,0.75,0.90,0.47,8.9625000000000000,0
17,Anthony Davis,PF,10.01,1.0536842105263158,0.83,0.93,0.71,9.5000000000000000,1
17,Anthony Davis,PF,5.14,0.5084075173095944,0.63,0.67,0.50,8.4250000000000000,0
17,Anthony Davis,PF,7.19,1.3721374045801529,0.67,0.55,0.49,7.9350000000000000,0
17,Anthony Davis,PF,9.07,1.244170096021948,0.83,0.44,0.32,7.8525000000000000,0
17,Anthony Davis,PF,9.41,1.0261723009814614,0.86,0.56,0.90,7.7025000000000000,0
17,Anthony Davis,PF,8.37,0.8801261829652997,0.60,0.66,0.57,8.5100000000000000,1
17,Anthony Davis,PF,8.26,0.975206611570248,0.73,0.89,0.89,8.7775000000000000,0
17,Anthony Davis,PF,13.53,1.618421052631579,0.85,0.88,0.33,9.8925000000000000,1
17,Anthony Davis,PF,10.06,0.7380777696258255,0.75,0.65,0.64,10.0550000000000000,0
18,Jimmy Butler,SF,11.69,0.991518235793045,0.92,0.47,0.82,11.6900000000000000,0
18,Jimmy Butler,SF,12.29,1.0424088210347753,0.83,0.77,0.24,11.9900000000000000,0
18,Jimmy Butler,SF,10.67,0.861178369652946,0.81,0.45,0.78,11.5500000000000000,1
18,Jimmy Butler,SF,9.77,0.9071494893221913,0.66,0.48,0.38,11.1050000000000000,0
18,Jimmy Butler,SF,9.56,0.9685916919959474,0.62,0.82,0.76,10.5725000000000000,0
18,Jimmy Butler,SF,10.73,1.1107660455486543,0.84,0.83,0.51,10.1825000000000000,0
18,Jimmy Butler,SF,11.07,1.0221606648199446,0.91,0.50,0.82,10.2825000000000000,0
18,Jimmy Butler,SF,10.49,0.9391226499552373,0.95,0.61,0.84,10.4625000000000000,0
18,Jimmy Butler,SF,10.84,1.0236071765816808,0.91,0.49,0.58,10.7825000000000000,0
18,Jimmy Butler,SF,8.96,0.8190127970749544,0.93,0.90,0.64,10.3400000000000000,1
18,Jimmy Butler,SF,10.87,1.1997792494481234,0.84,0.45,0.26,10.2900000000000000,0
18,Jimmy Butler,SF,7.77,0.7082953509571559,0.71,0.42,0.27,9.6100000000000000,0
18,Jimmy Butler,SF,10.11,1.2846251588310038,0.70,0.71,0.27,9.4275000000000000,0
18,Jimmy Butler,SF,8.59,0.8413320274240941,0.84,0.63,0.59,9.3350000000000000,0
18,Jimmy Butler,SF,7.82,0.899884925201381,0.75,0.76,0.56,8.5725000000000000,0
18,Jimmy Butler,SF,10.88,1.373737373737374,0.64,0.74,0.47,9.3500000000000000,1
18,Jimmy Butler,SF,10.57,0.9626593806921676,0.66,0.83,0.60,9.4650000000000000,1
18,Jimmy Butler,SF,9.81,0.9194001874414246,0.60,0.57,0.78,9.7700000000000000,1
18,Jimmy Butler,SF,12.45,1.2563067608476286,0.67,0.54,0.29,10.9275000000000000,1
18,Jimmy Butler,SF,9.53,0.7593625498007969,0.94,0.56,0.84,10.5900000000000000,1
18,Jimmy Butler,SF,10.89,1.1308411214953273,0.87,0.41,0.89,10.6700000000000000,1
18,Jimmy Butler,SF,11.76,1.070063694267516,0.72,0.84,0.48,11.1575000000000000,0
18,Jimmy Butler,SF,9.42,0.794266441821248,0.82,0.71,0.25,10.4000000000000000,0
18,Jimmy Butler,SF,8.01,0.8413865546218487,0.75,0.44,0.35,10.0200000000000000,0
18,Jimmy Butler,SF,6.65,0.8199753390875464,0.71,0.93,0.73,8.9600000000000000,0
18,Jimmy Butler,SF,11.53,1.708148148148148,0.94,0.53,0.50,8.9025000000000000,1
18,Jimmy Butler,SF,10.66,0.9165950128976785,0.64,0.68,0.82,9.2125000000000000,0
18,Jimmy Butler,SF,10.63,0.987918215613383,0.80,0.91,0.32,9.8675000000000000,0
18,Jimmy Butler,SF,12.13,1.130475302889096,0.86,0.71,0.86,11.2375000000000000,0
18,Jimmy Butler,SF,8.44,0.6901062959934586,0.83,0.47,0.61,10.4650000000000000,0
18,Jimmy Butler,SF,9.62,1.126463700234192,0.85,0.54,0.81,10.2050000000000000,0
18,Jimmy Butler,SF,10.25,1.0545267489711936,0.84,0.51,0.67,10.1100000000000000,0
18,Jimmy Butler,SF,7.58,0.7323671497584542,0.81,0.44,0.51,8.9725000000000000,0
18,Jimmy Butler,SF,11.27,1.4674479166666667,0.81,0.78,0.64,9.6800000000000000,0
18,Jimmy Butler,SF,8.98,0.789797713280563,0.68,0.62,0.42,9.5200000000000000,0
18,Jimmy Butler,SF,8.76,0.9647577092511013,0.68,0.94,0.35,9.1475000000000000,0
18,Jimmy Butler,SF,11.07,1.2494356659142214,0.82,0.94,0.30,10.0200000000000000,1
18,Jimmy Butler,SF,14.92,1.3357206803939123,0.82,0.58,0.67,10.9325000000000000,0
18,Jimmy Butler,SF,8.39,0.5585885486018642,0.85,0.75,0.24,10.7850000000000000,0
18,Jimmy Butler,SF,10.52,1.2391048292108362,0.73,0.51,0.81,11.2250000000000000,0
18,Jimmy Butler,SF,9.07,0.8540489642184559,0.79,0.51,0.50,10.7250000000000000,0
18,Jimmy Butler,SF,13.17,1.436205016357688,0.70,0.71,0.30,10.2875000000000000,1
18,Jimmy Butler,SF,9.76,0.7354935945742276,0.64,0.90,0.21,10.6300000000000000,0
18,Jimmy Butler,SF,9.1,0.922920892494929,0.93,0.45,0.84,10.2750000000000000,0
18,Jimmy Butler,SF,10.31,1.1206521739130437,0.65,0.68,0.67,10.5850000000000000,0
18,Jimmy Butler,SF,10.32,0.9913544668587896,0.71,0.70,0.88,9.8725000000000000,0
18,Jimmy Butler,SF,9.53,0.9145873320537428,0.91,0.95,0.75,9.8150000000000000,0
18,Jimmy Butler,SF,11.88,1.2336448598130842,0.63,0.78,0.86,10.5100000000000000,0
18,Jimmy Butler,SF,10.9,0.9098497495826378,0.64,0.43,0.27,10.6575000000000000,0
18,Jimmy Butler,SF,8.38,0.7618181818181818,0.82,0.59,0.37,10.1725000000000000,0
18,Jimmy Butler,SF,10.04,1.1839622641509433,0.75,0.86,0.65,10.3000000000000000,0
18,Jimmy Butler,SF,7.03,0.693293885601578,0.82,0.53,0.26,9.0875000000000000,0
19,Kyrie Irving,PG,10.03,0.9901283316880554,0.82,0.71,0.71,10.0300000000000000,1
19,Kyrie Irving,PG,9.22,0.9101678183613032,0.70,0.55,0.81,9.6250000000000000,0
19,Kyrie Irving,PG,10.49,1.1255364806866952,0.74,0.94,0.87,9.9133333333333333,0
19,Kyrie Irving,PG,10.66,1.0066100094428707,0.79,0.92,0.84,10.1000000000000000,0
19,Kyrie Irving,PG,13.61,1.2648698884758365,0.75,0.42,0.29,10.9950000000000000,0
19,Kyrie Irving,PG,5.49,0.5,0.92,0.74,0.44,10.0625000000000000,0
19,Kyrie Irving,PG,15.66,2.0,0.78,0.60,0.33,11.3550000000000000,0
19,Kyrie Irving,PG,8.0,0.5076142131979695,0.84,0.62,0.56,10.6900000000000000,0
19,Kyrie Irving,PG,11.13,1.3740740740740742,0.75,0.41,0.58,10.0700000000000000,0
19,Kyrie Irving,PG,11.85,1.0552092609082813,0.65,0.66,0.58,11.6600000000000000,0
19,Kyrie Irving,PG,10.62,0.8887029288702929,0.75,0.49,0.28,10.4000000000000000,0
19,Kyrie Irving,PG,9.9,0.9235074626865672,0.86,0.90,0.45,10.8750000000000000,0
19,Kyrie Irving,PG,8.96,0.8960000000000001,0.80,0.79,0.76,10.3325000000000000,0
19,Kyrie Irving,PG,7.97,0.879690949227373,0.74,0.64,0.41,9.3625000000000000,0
19,Kyrie Irving,PG,8.82,1.0929368029739777,0.85,0.51,0.51,8.9125000000000000,1
19,Kyrie Irving,PG,8.49,0.9517937219730942,0.91,0.53,0.45,8.5600000000000000,1
19,Kyrie Irving,PG,9.99,1.1629802095459838,0.86,0.56,0.70,8.8175000000000000,0
19,Kyrie Irving,PG,8.67,0.8592666005946482,0.88,0.81,0.40,8.9925000000000000,0
19,Kyrie Irving,PG,12.38,1.4116305587229192,0.90,0.73,0.73,9.8825000000000000,0
19,Kyrie Irving,PG,7.49,0.6001602564102564,0.63,0.61,0.55,9.6325000000000000,0
19,Kyrie Irving,PG,7.89,1.0395256916996047,0.82,0.94,0.79,9.1075000000000000,0
19,Kyrie Irving,PG,9.96,1.2465581977471842,0.81,0.79,0.74,9.4300000000000000,0
19,Kyrie Irving,PG,8.61,0.8558648111332007,0.76,0.68,0.54,8.4875000000000000,0
19,Kyrie Irving,PG,10.15,1.1653272101033296,0.73,0.71,0.29,9.1525000000000000,1
19,Kyrie Irving,PG,8.18,0.7980487804878048,0.73,0.51,0.84,9.2250000000000000,0
19,Kyrie Irving,PG,9.87,1.1920289855072463,0.85,0.52,0.44,9.2025000000000000,0
19,Kyrie Irving,PG,9.3,0.9327983951855569,0.79,0.82,0.64,9.3750000000000000,0
19,Kyrie Irving,PG,9.3,0.9893617021276596,0.70,0.82,0.36,9.1625000000000000,0
19,Kyrie Irving,PG,12.18,1.2957446808510638,0.70,0.70,0.37,10.1625000000000000,1
19,Kyrie Irving,PG,9.99,0.8135179153094463,0.90,0.90,0.41,10.1925000000000000,0
19,Kyrie Irving,PG,13.09,1.2973240832507433,0.90,0.75,0.67,11.1400000000000000,0
19,Kyrie Irving,PG,6.93,0.5253980288097043,0.62,0.54,0.57,10.5475000000000000,1
19,Kyrie Irving,PG,10.37,1.4751066856330015,0.63,0.59,0.50,10.0950000000000000,0
19,Kyrie Irving,PG,10.82,1.0334288443170967,0.74,0.82,0.80,10.3025000000000000,0
19,Kyrie Irving,PG,5.99,0.5485347985347986,0.87,0.65,0.46,8.5275000000000000,0
19,Kyrie Irving,PG,11.87,1.9490968801313628,0.62,0.43,0.77,9.7625000000000000,0
19,Kyrie Irving,PG,8.2,0.6850459482038429,0.83,0.46,0.65,9.2200000000000000,0
19,Kyrie Irving,PG,10.02,1.2072289156626508,0.68,0.47,0.36,9.0200000000000000,0
19,Kyrie Irving,PG,11.31,1.1175889328063242,0.61,0.45,0.87,10.3500000000000000,0
19,Kyrie Irving,PG,11.9,1.0429447852760736,0.85,0.88,0.59,10.3575000000000000,0
19,Kyrie Irving,PG,8.25,0.6875,0.62,0.95,0.21,10.3700000000000000,0
19,Kyrie Irving,PG,10.73,1.2850299401197607,0.91,0.76,0.35,10.5475000000000000,0
19,Kyrie Irving,PG,8.5,0.7848568790397045,0.89,0.75,0.54,9.8450000000000000,0
19,Kyrie Irving,PG,10.86,1.2627906976744185,0.68,0.91,0.36,9.5850000000000000,0
19,Kyrie Irving,PG,8.33,0.7600364963503651,0.69,0.81,0.21,9.6050000000000000,0
19,Kyrie Irving,PG,9.32,1.1055753262158956,0.78,0.75,0.39,9.2525000000000000,0
19,Kyrie Irving,PG,10.15,1.0774946921443738,0.85,0.42,0.71,9.6650000000000000,0
19,Kyrie Irving,PG,11.38,1.1102439024390245,0.84,0.80,0.20,9.7950000000000000,0
19,Kyrie Irving,PG,10.09,0.8789198606271776,0.83,0.48,0.46,10.2350000000000000,1
19,Kyrie Irving,PG,9.71,0.9528949950932288,0.88,0.91,0.72,10.3325000000000000,0
19,Kyrie Irving,PG,9.11,0.9286442405708459,0.64,0.70,0.41,10.0725000000000000,0
19,Kyrie Irving,PG,9.68,1.0510314875135722,0.82,0.53,0.56,9.6475000000000000,0
20,Zion Williamson,PF,7.79,0.9873257287705958,0.68,0.52,0.33,7.7900000000000000,1
20,Zion Williamson,PF,7.76,0.9835234474017744,0.75,0.42,0.23,7.7750000000000000,0
20,Zion Williamson,PF,8.04,1.0229007633587786,0.78,0.64,0.80,7.8633333333333333,0
20,Zion Williamson,PF,12.56,1.5429975429975433,0.95,0.86,0.50,9.0375000000000000,1
20,Zion Williamson,PF,10.62,0.838862559241706,0.76,0.91,0.87,9.7450000000000000,0
20,Zion Williamson,PF,12.82,1.1958955223880599,0.95,0.57,0.22,11.0100000000000000,0
20,Zion Williamson,PF,8.51,0.6586687306501547,0.80,0.77,0.49,11.1275000000000000,0
20,Zion Williamson,PF,11.11,1.2903600464576075,0.93,0.92,0.46,10.7650000000000000,0
20,Zion Williamson,PF,11.38,1.0151650312221232,0.78,0.86,0.47,10.9550000000000000,0
20,Zion Williamson,PF,9.42,0.8205574912891985,0.89,0.86,0.68,10.1050000000000000,0
20,Zion Williamson,PF,9.68,1.0168067226890756,0.60,0.63,0.26,10.3975000000000000,0
20,Zion Williamson,PF,12.46,1.2740286298568508,0.88,0.66,0.46,10.7350000000000000,0
20,Zion Williamson,PF,10.44,0.8312101910828025,0.72,0.95,0.33,10.5000000000000000,0
20,Zion Williamson,PF,10.81,1.0256166982922204,0.83,0.62,0.71,10.8475000000000000,1
20,Zion Williamson,PF,9.58,0.8780934922089826,0.75,0.89,0.83,10.8225000000000000,0
20,Zion Williamson,PF,9.2,0.9504132231404958,0.73,0.94,0.29,10.0075000000000000,0
20,Zion Williamson,PF,10.71,1.1516129032258067,0.83,0.77,0.47,10.0750000000000000,0
20,Zion Williamson,PF,8.9,0.8233117483811285,0.78,0.69,0.57,9.5975000000000000,0
20,Zion Williamson,PF,8.94,0.9933333333333333,0.87,0.65,0.78,9.4375000000000000,1
20,Zion Williamson,PF,7.84,0.8672566371681416,0.64,0.89,0.58,9.0975000000000000,0
20,Zion Williamson,PF,15.07,1.8979848866498743,0.75,0.41,0.87,10.1875000000000000,0
20,Zion Williamson,PF,10.63,0.7007251153592617,0.87,0.84,0.52,10.6200000000000000,0
20,Zion Williamson,PF,11.5,1.0717614165890028,0.82,0.84,0.26,11.2600000000000000,0
20,Zion Williamson,PF,9.15,0.7887931034482759,0.64,0.69,0.47,11.5875000000000000,0
20,Zion Williamson,PF,6.07,0.6562162162162163,0.72,0.43,0.81,9.3375000000000000,0
20,Zion Williamson,PF,15.05,2.0,0.79,0.77,0.69,10.4425000000000000,0
20,Zion Williamson,PF,7.93,0.5234323432343234,0.77,0.47,0.42,9.5500000000000000,0
20,Zion Williamson,PF,8.11,1.0099626400996264,0.65,0.87,0.53,9.2900000000000000,0
20,Zion Williamson,PF,6.09,0.7417783191230207,0.92,0.40,0.43,9.2950000000000000,0
20,Zion Williamson,PF,8.37,1.3521809369951534,0.88,0.73,0.31,7.6250000000000000,0
20,Zion Williamson,PF,10.84,1.2798110979929163,0.62,0.54,0.47,8.3525000000000000,0
20,Zion Williamson,PF,14.51,1.3263254113345522,0.69,0.74,0.54,9.9525000000000000,0
20,Zion Williamson,PF,10.9,0.7460643394934977,0.84,0.66,0.50,11.1550000000000000,0
20,Zion Williamson,PF,9.8,0.890909090909091,0.74,0.62,0.33,11.5125000000000000,0
20,Zion Williamson,PF,12.73,1.2858585858585858,0.94,0.47,0.25,11.9850000000000000,0
20,Zion Williamson,PF,7.77,0.6056118472330475,0.64,0.58,0.44,10.3000000000000000,1
20,Zion Williamson,PF,10.56,1.3418043202033039,0.82,0.70,0.23,10.2150000000000000,0
20,Zion Williamson,PF,13.2,1.2382739212007503,0.64,0.53,0.59,11.0650000000000000,0
20,Zion Williamson,PF,11.02,0.8285714285714286,0.62,0.47,0.44,10.6375000000000000,1
20,Zion Williamson,PF,13.97,1.256294964028777,0.62,0.92,0.73,12.1875000000000000,1
20,Zion Williamson,PF,9.36,0.6652452025586354,0.84,0.41,0.70,11.8875000000000000,0
20,Zion Williamson,PF,8.84,0.9344608879492601,0.71,0.94,0.46,10.7975000000000000,1
20,Zion Williamson,PF,8.72,0.9753914988814318,0.78,0.40,0.70,10.2225000000000000,0
20,Zion Williamson,PF,9.9,1.1224489795918366,0.82,0.64,0.46,9.2050000000000000,0
20,Zion Williamson,PF,10.34,1.034,0.69,0.44,0.66,9.4500000000000000,0
20,Zion Williamson,PF,6.64,0.6360153256704981,0.67,0.90,0.61,8.9000000000000000,0
20,Zion Williamson,PF,7.72,1.1454005934718101,0.92,0.60,0.72,8.6500000000000000,1
20,Zion Williamson,PF,10.35,1.3235294117647058,0.64,0.93,0.24,8.7625000000000000,0
20,Zion Williamson,PF,11.18,1.0698564593301436,0.68,0.56,0.64,8.9725000000000000,0
20,Zion Williamson,PF,12.28,1.0886524822695036,0.65,0.83,0.22,10.3825000000000000,0
20,Zion Williamson,PF,13.31,1.0751211631663975,0.80,0.51,0.21,11.7800000000000000,0
20,Zion Williamson,PF,10.01,0.7464578672632364,0.93,0.86,0.78,11.6950000000000000,0
